Date,Simulated Head,95% Lower Bound,95% Upper Bound
2001-01-02,347.18341186523435,346.7846130371093,347.5297375488281
2001-01-09,347.114970703125,346.7158056640625,347.4395764160156
2001-01-16,347.0602734375,346.6226538085937,347.35039672851565
2001-01-23,346.9696301269531,346.5291271972656,347.2378515625
2001-01-30,346.89537841796874,346.44084594726564,347.234013671875
2001-02-06,346.8400671386719,346.3858264160156,347.0814270019531
2001-02-13,346.7377453613281,346.2989196777344,346.9026086425781
2001-02-20,346.62407836914065,346.2424658203125,346.8472705078125
2001-02-27,346.7134814453125,346.28832153320315,346.9360083007812
2001-03-06,346.6504162597656,346.2304724121093,346.81682861328125
2001-03-13,346.5766345214844,346.19314453125,346.75114990234374
2001-03-20,346.553173828125,346.175888671875,346.7156677246094
2001-03-27,346.49212768554685,346.1468530273437,346.64616455078124
2001-04-03,346.42232421875,346.1391015625,346.60125244140625
2001-04-10,346.42949462890624,346.1451989746094,346.5986767578125
2001-04-17,346.41179809570315,346.13580322265625,346.53373046875
2001-04-24,346.2862817382813,346.09736328125,346.40409301757813
2001-05-01,346.28570556640625,346.1113220214844,346.43547485351564
2001-05-08,346.3489343261719,346.12485473632813,346.5050744628906
2001-05-15,346.36642578125,346.128984375,346.55609252929685
2001-05-22,346.4004150390625,346.14494750976564,346.6308532714844
2001-05-29,346.44830810546875,346.15583984375,346.65159790039064
2001-06-05,346.3900256347656,346.1344213867188,346.8203405761719
2001-06-12,346.49882446289064,346.1632885742188,347.16900390625
2001-06-19,346.6310119628906,346.22278686523435,347.3713073730469
2001-06-26,346.7831079101563,346.0631323242188,347.63347412109374
2001-07-03,346.7225671386719,346.21586669921874,347.5691455078125
2001-07-10,346.841123046875,346.1609765625,347.7863671875
2001-07-17,346.9239611816406,346.1547424316406,347.7953723144531
2001-07-24,347.1291186523438,346.48305541992187,347.9475891113281
2001-07-31,347.64721435546875,346.66166748046874,348.67220703125
2001-08-07,348.2269982910156,347.0736376953125,349.2714233398437
2001-08-14,348.56478515625,346.994658203125,349.3772729492188
2001-08-21,348.72105590820314,347.2210717773437,349.5692834472656
2001-08-28,348.8281005859375,347.2591552734375,349.55194091796875
2001-09-04,348.61756713867186,347.38988403320315,349.3632763671875
2001-09-11,348.3837353515625,347.3655358886719,349.1798046875
2001-09-18,348.7518151855469,347.44670654296874,349.441025390625
2001-09-25,348.5602172851562,347.4881799316406,349.31615966796875
2001-10-02,348.22486083984376,347.49296508789064,349.02979736328126
2001-10-09,348.1339697265625,347.51751586914065,348.8442687988281
2001-10-16,348.1678649902344,347.51734741210936,348.9251672363281
2001-10-23,348.1610498046875,347.4783666992187,348.8501989746094
2001-10-30,348.0808349609375,347.47276123046873,348.8231311035156
2001-11-06,347.95769653320315,347.41656005859375,348.6348889160156
2001-11-13,347.95430541992187,347.4340026855469,348.6458728027344
2001-11-20,348.0051049804688,347.4515490722656,348.7300756835937
2001-11-27,348.11009399414064,347.4824377441406,348.8982189941406
2001-12-04,348.0580090332031,347.4331799316406,348.8339196777344
2001-12-11,347.7923693847656,347.2869494628906,348.4619421386719
2001-12-18,347.7224487304687,347.19047607421874,348.4504565429688
2001-12-25,347.4981005859375,347.0448022460937,348.1324816894532
2002-01-01,347.3647839355469,346.91887817382815,348.01562133789065
2002-01-08,347.2876416015625,346.8578405761719,347.85875122070314
2002-01-15,347.48539672851564,347.03350341796875,347.9259045410156
2002-01-22,347.4599926757812,346.97162109375,347.970068359375
2002-01-29,347.3243115234375,346.8495788574219,347.9788977050781
2002-02-05,347.2645056152344,346.77983154296874,347.8346313476562
2002-02-12,347.2005932617187,346.68857421875,347.6865673828125
2002-02-19,347.11514770507813,346.64514526367185,347.6092370605469
2002-02-26,347.12694091796874,346.61193115234374,347.6945654296875
2002-03-05,347.0768884277344,346.5576965332031,347.6606384277344
2002-03-12,347.0119299316406,346.48954711914064,347.58453125
2002-03-19,346.95776611328125,346.4399548339844,347.4512939453125
2002-03-26,346.93543823242186,346.4271179199219,347.44402465820315
2002-04-02,346.83635498046874,346.405478515625,347.28704711914065
2002-04-09,346.8425439453125,346.39966674804685,347.295361328125
2002-04-16,346.80794921875,346.3961291503906,347.27913330078127
2002-04-23,346.7922534179688,346.38220581054685,347.2768835449219
2002-04-30,347.1026330566406,346.3880798339844,347.52683837890623
2002-05-07,347.1956799316406,346.4133984375,348.17412719726565
2002-05-14,347.11585693359376,346.47931884765626,347.73258911132814
2002-05-21,347.2169677734375,346.4982971191406,348.74650146484373
2002-05-28,347.4604553222656,346.4528540039062,349.2440454101563
2002-06-04,347.9844287109375,346.54804931640626,348.9505639648437
2002-06-11,348.21580688476564,346.61998168945314,348.90539184570315
2002-06-18,347.92290771484375,346.6165795898437,348.699404296875
2002-06-25,347.71460205078125,346.728681640625,348.8457958984375
2002-07-02,347.9415441894531,346.84968017578126,348.83275512695315
2002-07-09,347.9042016601563,346.8692565917969,348.7735168457031
2002-07-16,348.0327307128906,347.1878649902344,348.91822021484376
2002-07-23,348.03229736328126,347.30437622070315,348.75478393554687
2002-07-30,348.09716430664065,347.4623120117187,348.772822265625
2002-08-06,348.11268432617186,347.427900390625,348.7225329589844
2002-08-13,348.0729248046875,347.4331323242188,348.64736206054687
2002-08-20,348.0596923828125,347.4575048828125,348.61974609375
2002-08-27,348.0464294433594,347.49562377929686,348.5943347167969
2002-09-03,347.9667492675781,347.5963342285156,348.5698510742188
2002-09-10,348.0627001953125,347.6953405761719,348.594306640625
2002-09-17,348.08129638671875,347.74540649414064,348.59459716796874
2002-09-24,347.97364990234377,347.6773693847656,348.50360107421875
2002-10-01,347.96291259765627,347.6850146484375,348.4786096191406
2002-10-08,347.8895251464844,347.6366394042969,348.3632470703125
2002-10-15,347.8317761230469,347.60261962890627,348.28563720703124
2002-10-22,347.71686767578126,347.50102294921874,348.01712890625
2002-10-29,347.72702880859373,347.50191284179687,348.0371984863281
2002-11-05,347.6858972167969,347.4432373046875,347.96507446289064
2002-11-12,347.5698571777344,347.34723022460935,347.7721240234375
2002-11-19,347.46851318359376,347.2464758300781,347.62029541015625
2002-11-26,347.3626513671875,347.1343627929688,347.50923095703126
2002-12-03,347.310029296875,347.05164916992186,347.5149072265625
2002-12-10,347.24658447265625,346.95697143554685,347.53236328125
2002-12-17,347.16713256835936,346.8308337402344,347.5824719238281
2002-12-24,347.1381823730469,346.7920861816406,347.55382446289065
2002-12-31,347.10290283203125,346.740439453125,347.55537109375
2003-01-07,347.0494909667969,346.68085327148435,347.5042346191406
2003-01-14,346.79448974609375,346.4470959472656,347.14207275390623
2003-01-21,346.6562939453125,346.31553955078124,347.02713989257813
2003-01-28,346.67361328125,346.31441772460937,346.98595825195315
2003-02-04,346.6510546875,346.29205200195315,347.00157470703124
2003-02-11,346.55694580078125,346.2269177246094,346.9409460449219
2003-02-18,346.35963134765626,346.1111682128906,346.7178576660156
2003-02-25,346.250419921875,346.0578039550781,346.6137451171875
2003-03-04,346.3229760742188,346.08347778320314,346.6009313964844
2003-03-11,346.342333984375,346.0976232910156,346.5646435546875
2003-03-18,346.290673828125,346.08302001953126,346.5363024902344
2003-03-25,346.3530432128906,346.10697998046874,346.6454711914063
2003-04-01,346.3727282714844,346.12686645507813,346.6967224121093
2003-04-08,346.3727075195313,346.12854736328126,346.71940185546873
2003-04-15,346.2631384277344,346.1006018066406,346.5756457519531
2003-04-22,346.13219482421874,346.0803869628906,346.3886242675781
2003-04-29,346.30959350585937,346.1252221679688,346.5408312988281
2003-05-06,346.2665747070312,346.118193359375,346.50234130859377
2003-05-13,346.25737060546874,346.104306640625,346.53625244140625
2003-05-20,346.1586547851563,346.06553833007814,346.70861083984374
2003-05-27,346.3144848632812,346.14189697265624,346.9320129394531
2003-06-03,346.4578588867187,346.1867260742188,347.1683728027344
2003-06-10,346.7131726074219,346.2450622558593,347.8658837890625
2003-06-17,346.8933361816406,346.38518676757815,347.98126342773435
2003-06-24,347.1127233886719,346.21793701171873,348.11041748046875
2003-07-01,347.4701818847656,346.2292736816406,348.13287109375
2003-07-08,347.59804565429687,346.37247192382813,348.265341796875
2003-07-15,347.6836096191406,346.4222412109375,348.3541320800781
2003-07-22,347.52746215820315,346.15057983398435,348.045615234375
2003-07-29,347.65336669921874,346.2881604003906,348.16015258789065
2003-08-05,347.79035400390626,346.5043359375,348.284208984375
2003-08-12,347.9460925292969,347.07628173828124,348.5005310058594
2003-08-19,347.89360961914065,347.1499499511719,348.39072998046873
2003-08-26,347.964970703125,347.26524658203124,348.438369140625
2003-09-02,347.9191467285156,347.4175915527344,348.4111267089844
2003-09-09,347.91718505859376,347.3407629394531,348.2942468261719
2003-09-16,347.7958532714844,347.29210693359374,348.15869995117185
2003-09-23,347.7895568847656,347.4232971191406,348.06170043945315
2003-09-30,347.8000268554688,347.474404296875,348.09753784179685
2003-10-07,347.8073461914062,347.5214514160156,348.06323608398435
2003-10-14,347.87925537109373,347.5524035644532,348.2568090820312
2003-10-21,347.830537109375,347.51476196289065,348.1762731933593
2003-10-28,347.85338134765624,347.5287060546875,348.12820922851563
2003-11-04,347.99480102539064,347.58332275390626,348.5270141601562
2003-11-11,348.0560327148437,347.5902844238281,348.69859497070314
2003-11-18,347.9275659179688,347.50982421875,348.5568518066406
2003-11-25,347.71915161132813,347.3636901855469,348.2089831542969
2003-12-02,347.69830078125,347.34826171875,348.2052197265625
2003-12-09,347.7811218261719,347.36900390625,348.38841552734374
2003-12-16,347.88328125,347.3927209472656,348.5932604980469
2003-12-23,347.77061279296873,347.3035546875,348.427265625
2003-12-30,347.7695739746094,347.2899597167969,348.38046997070313
2004-01-06,347.59116333007813,347.1274304199219,348.257529296875
2004-01-13,347.52087890625,347.051591796875,348.1109228515625
2004-01-20,347.35064575195315,346.89714599609374,347.9398620605469
2004-01-27,347.1908239746094,346.7506909179688,347.7901184082031
2004-02-03,347.10359130859376,346.6415405273437,347.7222155761719
2004-02-10,347.0185119628906,346.5479797363281,347.60584838867186
2004-02-17,346.9117004394531,346.46734375,347.445791015625
2004-02-24,346.9054797363281,346.45813232421875,347.38655517578127
2004-03-02,346.9196789550781,346.4541394042969,347.53942016601565
2004-03-09,346.818798828125,346.3641162109375,347.35496826171874
2004-03-16,346.6777331542969,346.2895080566406,347.1946032714844
2004-03-23,346.61157470703125,346.2351892089844,347.1686572265625
2004-03-30,346.5198352050781,346.1829565429687,347.0276892089844
2004-04-06,346.3949084472656,346.13836181640625,346.78667236328124
2004-04-13,346.3897448730469,346.1543603515625,346.7250036621094
2004-04-20,346.41236083984376,346.16432861328127,346.7394067382813
2004-04-27,346.388515625,346.1677087402344,346.5903063964844
2004-05-04,346.411962890625,346.17533935546874,346.70615356445313
2004-05-11,346.4548974609375,346.19941772460936,347.2034350585937
2004-05-18,346.59942016601565,346.23832641601564,346.90199584960936
2004-05-25,346.6564624023438,346.2524694824219,347.17560424804685
2004-06-01,346.6345373535156,346.22515625,347.4296508789063
2004-06-08,346.79576416015624,346.27416748046875,347.6066540527344
2004-06-15,347.0083959960937,346.3028088378906,348.06431640625
2004-06-22,347.1631225585937,346.34026977539065,348.27744750976564
2004-06-29,347.35426147460936,346.4025183105469,348.56229614257813
2004-07-06,347.56212158203124,346.4681408691406,348.6911352539062
2004-07-13,347.81577880859373,346.834609375,348.90220825195314
2004-07-20,348.59373657226564,347.370048828125,349.2181701660156
2004-07-27,349.83082885742186,348.12935546875,350.1675866699219
2004-08-03,350.0592907714844,348.5053015136719,350.30292846679686
2004-08-10,349.8676745605469,348.4050134277344,350.12208984375
2004-08-17,349.6206750488281,348.228955078125,350.0084387207031
2004-08-24,349.46494384765623,348.1823376464844,349.82410034179685
2004-08-31,349.6068127441406,348.3001342773438,349.948916015625
2004-09-07,349.5273681640625,348.27576171875,349.8414294433594
2004-09-14,349.43195190429685,348.19344116210937,349.8978454589844
2004-09-21,349.451328125,348.19093994140627,349.9831066894531
2004-09-28,349.7159619140625,348.2594213867188,350.1224743652344
2004-10-05,349.62364379882814,348.24780029296875,350.10778564453125
2004-10-12,349.5129443359375,348.1672961425781,350.12653198242185
2004-10-19,349.4017065429687,348.1329711914062,350.0905346679688
2004-10-26,349.0417175292969,348.0726892089844,349.9762854003906
2004-11-02,349.05962524414065,348.0279174804688,349.99569213867187
2004-11-09,349.3352197265625,348.07317993164065,350.15782958984374
2004-11-16,349.1517346191406,348.00757568359376,350.0247326660156
2004-11-23,348.6303955078125,347.8776806640625,349.315732421875
2004-11-30,348.6368200683594,347.8661145019531,349.2524353027344
2004-12-07,348.620546875,347.8488293457031,349.12916381835936
2004-12-14,348.5619018554688,347.7797375488281,349.0896899414063
2004-12-21,348.4843115234375,347.6822790527344,348.9391564941406
2004-12-28,348.2564758300781,347.57934936523435,348.5839904785156
2005-01-04,348.16021484375,347.5341101074219,348.41633178710936
2005-01-11,347.8409411621094,347.3408337402344,348.2025732421875
2005-01-18,347.67826416015623,347.1782067871094,348.04457275390627
2005-01-25,347.48859252929685,346.98205078125,347.93974731445314
2005-02-01,347.414296875,346.929228515625,347.86387451171873
2005-02-08,347.4017272949219,346.86523071289065,347.7837707519531
2005-02-15,347.29933837890627,346.7637561035156,347.8334533691406
2005-02-22,347.19911987304687,346.6495788574219,347.75010375976564
2005-03-01,347.1256494140625,346.5825573730469,347.671884765625
2005-03-08,347.0578198242188,346.5226782226562,347.56419677734374
2005-03-15,347.05415893554687,346.514013671875,347.6491345214844
2005-03-22,347.0066979980469,346.43590087890624,347.4585754394531
2005-03-29,346.90321533203127,346.4080493164063,347.2164367675781
2005-04-05,346.81333740234373,346.36835205078125,347.11595947265624
2005-04-12,346.86858520507815,346.42109741210936,347.1999096679688
2005-04-19,346.86454223632813,346.40190673828124,347.20440795898435
2005-04-26,346.8836987304687,346.3875439453125,347.2102294921875
2005-05-03,346.98737182617185,346.4129235839844,347.5153015136719
2005-05-10,347.06707885742185,346.460078125,347.50114013671873
2005-05-17,347.17286376953126,346.4498779296875,348.1633581542969
2005-05-24,347.37994873046875,346.5174182128906,348.8622009277344
2005-05-31,347.5106188964844,346.6778088378906,349.07164794921874
2005-06-07,347.647451171875,346.7545520019532,349.01652465820314
2005-06-14,348.0026220703125,346.85697875976564,349.23637329101564
2005-06-21,348.1579016113281,347.0902124023437,349.1043432617187
2005-06-28,348.0208203125,347.278505859375,349.0957165527344
2005-07-05,348.43034790039064,347.30671875,349.05537353515626
2005-07-12,348.27439086914063,347.4687158203125,348.88501342773435
2005-07-19,348.0345788574219,347.1948559570312,348.88405151367186
2005-07-26,347.78541259765626,346.94306518554686,348.67955078125
2005-08-02,347.803203125,347.0298132324219,348.60588500976564
2005-08-09,347.93475219726565,347.273994140625,348.65846557617186
2005-08-16,348.1180627441406,347.51964477539065,348.742236328125
2005-08-23,348.1849475097656,347.6158715820313,348.80292236328125
2005-08-30,348.702158203125,347.805,349.1739440917969
2005-09-06,348.659462890625,347.9233728027344,349.1939416503906
2005-09-13,348.6523181152344,347.825029296875,349.2723022460938
2005-09-20,348.6277062988281,347.8575109863281,349.31333129882813
2005-09-27,348.6386987304688,347.840556640625,349.25169677734374
2005-10-04,348.5498474121094,347.8133337402344,349.19011474609374
2005-10-11,348.41600708007815,347.7788610839844,349.0501147460937
2005-10-18,348.4189172363281,347.73369140625,349.08606811523435
2005-10-25,348.2846813964844,347.67613037109373,349.0383044433594
2005-11-01,348.3015661621094,347.7228430175781,349.13911865234377
2005-11-08,348.3285681152344,347.64442260742186,349.1096826171875
2005-11-15,348.1964318847656,347.600087890625,349.0223681640625
2005-11-22,347.9811364746094,347.47271728515625,348.7183447265625
2005-11-29,347.9667395019531,347.420517578125,348.7096325683594
2005-12-06,347.8397021484375,347.36389404296875,348.53170288085937
2005-12-13,347.7466296386719,347.30859375,348.40010131835936
2005-12-20,347.7798217773437,347.27335571289063,348.4454284667969
2005-12-27,347.6365087890625,347.17090698242185,348.2858056640625
2006-01-03,347.5118615722656,347.05631469726563,348.15968505859377
2006-01-10,347.3221704101563,346.871875,347.90116333007813
2006-01-17,347.1962048339844,346.7448510742188,347.7300439453125
2006-01-24,347.1070190429688,346.72163940429687,347.6723681640625
2006-01-31,347.0515478515625,346.60315673828126,347.5551818847656
2006-02-07,346.99480224609374,346.56058837890623,347.613115234375
2006-02-14,346.88898681640626,346.43421752929686,347.4376953125
2006-02-21,346.8795520019532,346.43099487304687,347.5081945800781
2006-02-28,346.790087890625,346.3572375488281,347.32018798828125
2006-03-07,346.90254150390626,346.4060314941406,347.5427294921875
2006-03-14,346.73304931640627,346.2721142578125,347.14787231445314
2006-03-21,346.6691552734375,346.26684204101565,347.0672033691406
2006-03-28,346.70003173828127,346.26277221679686,347.1162451171875
2006-04-04,346.6789697265625,346.2470593261719,347.0655310058594
2006-04-11,346.5931506347656,346.22308227539065,346.9399145507812
2006-04-18,346.5162060546875,346.2102734375,346.7282385253906
2006-04-25,346.4882507324219,346.19212524414064,346.6485205078125
2006-05-02,346.46357666015626,346.1962463378906,347.10821044921875
2006-05-09,346.6108984375,346.224228515625,347.72972900390624
2006-05-16,346.8357897949219,346.3427880859375,347.2774182128906
2006-05-23,346.8403625488281,346.29051513671874,347.7514904785156
2006-05-30,346.929384765625,346.3132983398437,348.1484704589844
2006-06-06,347.07047973632814,346.4089599609375,348.3389624023437
2006-06-13,347.15614135742186,346.39063354492185,348.45995727539065
2006-06-20,347.2848046875,346.4710424804687,348.6025109863281
2006-06-27,347.44275268554685,346.5156237792969,348.7145935058594
2006-07-04,347.680849609375,346.58447021484375,348.7683935546875
2006-07-11,347.8944775390625,346.88031127929685,348.9729248046875
2006-07-18,348.0066345214844,347.17107177734374,348.95885498046874
2006-07-25,348.03744140625,347.18343627929687,348.91139892578127
2006-08-01,348.052099609375,347.0294982910156,348.7844091796875
2006-08-08,348.00651000976563,347.07755004882813,348.706044921875
2006-08-15,347.95203125,347.07072875976564,348.5987707519531
2006-08-22,347.8131677246094,347.09801391601565,348.51927368164064
2006-08-29,347.8013073730469,346.8821533203125,348.38288330078126
2006-09-05,347.6342517089844,346.937900390625,348.1573876953125
2006-09-12,347.63978515625,347.1572790527344,348.00459838867187
2006-09-19,347.5953479003906,347.10880981445314,347.94340454101564
2006-09-26,347.6744860839844,347.35538208007813,347.8570361328125
2006-10-03,347.7243713378906,347.44293212890625,347.98364013671875
2006-10-10,347.7759057617188,347.4712048339844,348.0602233886719
2006-10-17,347.9053259277344,347.517705078125,348.2842956542969
2006-10-24,347.731845703125,347.420107421875,348.0033605957031
2006-10-31,347.65073364257813,347.36009521484374,347.93138916015624
2006-11-07,347.6324572753906,347.31059692382814,347.9797314453125
2006-11-14,347.59413940429687,347.2625830078125,347.97118774414065
2006-11-21,347.55775634765627,347.2168994140625,347.9953186035156
2006-11-28,347.4898620605469,347.14835693359373,347.95978393554685
2006-12-05,347.44007690429686,347.0799169921875,347.9224328613281
2006-12-12,347.3881567382812,347.03009643554685,347.9156164550781
2006-12-19,347.2489135742188,346.9002880859375,347.758681640625
2006-12-26,347.21832763671875,346.85374145507814,347.7154431152344
2007-01-02,347.2669958496094,346.858681640625,347.861650390625
2007-01-09,347.20197265625,346.7985510253906,347.7593884277344
2007-01-16,347.12596313476564,346.71736206054686,347.68908935546875
2007-01-23,347.09858276367186,346.6759924316406,347.7007556152344
2007-01-30,346.9306335449219,346.5474743652344,347.5743566894531
2007-02-06,346.91947875976564,346.5025573730469,347.5714367675781
2007-02-13,346.87069213867187,346.46129150390624,347.5563818359375
2007-02-20,346.8457458496094,346.4607958984375,347.5611865234375
2007-02-27,346.783330078125,346.38100463867187,347.46606689453125
2007-03-06,346.6264538574219,346.24377075195315,347.2398376464844
2007-03-13,346.56914672851565,346.21436401367185,347.23564697265624
2007-03-20,346.5231982421875,346.1901501464844,347.16463745117187
2007-03-27,346.40633178710937,346.14085083007814,346.98735961914065
2007-04-03,346.4013098144531,346.1754833984375,346.9667761230469
2007-04-10,346.50695556640625,346.1859521484375,347.0273645019531
2007-04-17,346.38598388671875,346.17690307617187,346.758330078125
2007-04-24,346.49370239257814,346.21709228515624,346.8366870117188
2007-05-01,346.51455078125,346.2341259765625,346.8508959960937
2007-05-08,346.55174560546874,346.24634643554685,346.86600830078123
2007-05-15,346.6140441894531,346.2766760253906,347.1114929199219
2007-05-22,346.6700817871094,346.3032556152344,347.557451171875
2007-05-29,346.9591259765625,346.3227600097656,348.6542114257812
2007-06-05,347.33781982421874,346.2704797363281,348.5392846679688
2007-06-12,347.36286865234376,346.3949560546875,348.51727172851565
2007-06-19,347.4203088378906,346.5686877441406,348.8796960449219
2007-06-26,347.63836059570315,346.4791638183594,348.672177734375
2007-07-03,347.5608020019531,346.5548742675781,348.6298962402344
2007-07-10,347.8271166992188,346.4722912597656,348.4804040527344
2007-07-17,347.6866357421875,346.62718017578123,348.52816284179687
2007-07-24,347.6939404296875,346.7735095214844,348.560166015625
2007-07-31,348.01341796875,347.0456164550781,348.7032312011719
2007-08-07,348.39619140625,347.5793774414062,348.943115234375
2007-08-14,348.3694641113281,347.7212976074219,348.8523181152344
2007-08-21,348.33112182617185,347.7595520019531,348.8834118652344
2007-08-28,348.3373071289063,347.7872802734375,348.90880126953124
2007-09-04,348.2721948242188,347.76943237304687,348.8813220214844
2007-09-11,348.2114538574219,347.7509313964844,348.80767333984375
2007-09-18,348.324697265625,347.782568359375,348.9230700683594
2007-09-25,348.41114990234377,347.8282580566406,349.0181408691406
2007-10-02,348.3136938476562,347.7668725585938,348.95500122070314
2007-10-09,348.19038940429687,347.70488037109374,348.8084326171875
2007-10-16,348.04435791015624,347.6141845703125,348.60430419921875
2007-10-23,348.03619995117185,347.60588500976564,348.6051013183594
2007-10-30,348.1010107421875,347.6154516601562,348.75414306640624
2007-11-06,347.9130249023437,347.5151159667969,348.4829174804688
2007-11-13,347.7555200195313,347.42350830078124,348.1763903808594
2007-11-20,347.72002685546875,347.3913244628906,348.14044799804685
2007-11-27,347.7370397949219,347.37669067382814,348.29531127929687
2007-12-04,347.606240234375,347.2438073730469,348.12589477539063
2007-12-11,347.5530578613281,347.1695275878906,348.1131848144531
2007-12-18,347.55220703125,347.1485400390625,348.2115197753906
2007-12-25,347.4990673828125,347.0528063964844,348.155595703125
2008-01-01,347.35564208984374,346.925673828125,347.9734130859375
2008-01-08,347.2250524902344,346.7988928222656,347.8309033203125
2008-01-15,347.1056811523438,346.67836791992187,347.72122680664063
2008-01-22,347.00299194335935,346.5905444335938,347.6166625976563
2008-01-29,346.9308068847656,346.50868408203127,347.4944580078125
2008-02-05,346.8094177246094,346.39031005859374,347.3747875976562
2008-02-12,346.713408203125,346.30961059570313,347.27922119140624
2008-02-19,346.6825207519531,346.2976184082031,347.2709521484375
2008-02-26,346.6953259277344,346.2857275390625,347.2984838867188
2008-03-04,346.7112780761719,346.29070922851565,347.33909423828123
2008-03-11,346.6660046386719,346.2529833984375,347.280654296875
2008-03-18,346.5961401367188,346.2212768554688,346.9920666503906
2008-03-25,346.65620849609377,346.23621948242186,346.95943359375
2008-04-01,346.5510461425781,346.18830932617186,346.8711474609375
2008-04-08,346.45696411132815,346.16900390625,346.7274157714844
2008-04-15,346.5037927246093,346.189560546875,346.75126708984374
2008-04-22,346.3870874023437,346.1567321777344,346.5774768066406
2008-04-29,346.3704931640625,346.1536181640625,346.5555224609375
2008-05-06,346.385849609375,346.1721716308594,346.724306640625
2008-05-13,346.4739001464844,346.18328979492185,346.6879772949219
2008-05-20,346.5202368164062,346.2027392578125,346.70774047851563
2008-05-27,346.4623107910156,346.16955078125,346.7906201171875
2008-06-03,346.50654052734376,346.16608154296875,347.1528527832031
2008-06-10,346.720703125,346.2193920898437,347.6186901855469
2008-06-17,346.7795788574219,346.2393505859375,347.5546948242188
2008-06-24,346.95327026367187,346.2843542480469,347.90241088867185
2008-07-01,347.2389929199219,346.40434326171874,348.33070678710936
2008-07-08,347.543271484375,346.4248571777344,348.4760412597656
2008-07-15,347.5568005371094,346.5222277832031,348.5154919433594
2008-07-22,347.7454675292969,346.7008422851562,348.65958129882813
2008-07-29,347.9131201171875,346.91929931640624,348.7035180664063
2008-08-05,347.6302026367188,346.61949829101565,348.3262634277344
2008-08-12,347.54999877929686,346.62703002929686,348.2361584472656
2008-08-19,347.5845104980469,346.7356237792969,348.2340515136719
2008-08-26,347.5743420410156,346.8914416503906,348.16319458007814
2008-09-02,347.5055419921875,346.9668896484375,347.988134765625
2008-09-09,347.579130859375,347.0446520996094,348.0720910644531
2008-09-16,347.5458190917969,347.0388439941406,347.9779333496094
2008-09-23,347.36028076171874,346.8433996582031,347.5926672363281
2008-09-30,347.4006713867187,347.02797241210936,347.5419482421875
2008-10-07,347.4174487304688,347.1317077636719,347.5320935058594
2008-10-14,347.407509765625,347.11580444335937,347.5449267578125
2008-10-21,347.3414562988281,347.08739868164065,347.44091796875
2008-10-28,347.29722900390624,347.0366284179688,347.41520263671873
2008-11-04,347.2504028320312,347.0200769042969,347.3728784179688
2008-11-11,347.2227880859375,346.9711328125,347.3690673828125
2008-11-18,347.15775390625,346.92797485351565,347.31579956054685
2008-11-25,347.1228771972656,346.8626281738281,347.3507348632813
2008-12-02,347.1269323730469,346.854296875,347.4316088867188
2008-12-09,347.073310546875,346.78539184570315,347.4518835449219
2008-12-16,347.0210900878906,346.7198742675781,347.41283447265624
2008-12-23,346.8670166015625,346.5184851074219,347.2309460449219
2008-12-30,346.75398315429686,346.3953698730469,347.0250439453125
2009-01-06,346.73437744140625,346.40503662109376,347.0492553710937
2009-01-13,346.7049926757812,346.3676440429688,347.1080676269532
2009-01-20,346.7429296875,346.37072998046875,347.0555676269531
2009-01-27,346.6753759765625,346.3109973144531,346.9188818359375
2009-02-03,346.52092041015624,346.2068469238281,346.8359130859375
2009-02-10,346.564609375,346.2385986328125,346.86918579101564
2009-02-17,346.5175512695312,346.1928845214844,346.8405029296875
2009-02-24,346.38481201171874,346.124453125,346.70574829101565
2009-03-03,346.3575109863281,346.09625244140625,346.6596362304688
2009-03-10,346.2961755371094,346.07905517578126,346.55738037109376
2009-03-17,346.2383056640625,346.0486804199219,346.5029992675781
2009-03-24,346.22265625,346.0437060546875,346.4696533203125
2009-03-31,346.2673059082031,346.0655786132813,346.4736462402344
2009-04-07,346.23332641601564,346.0548388671875,346.41811401367187
2009-04-14,346.098564453125,346.0146337890625,346.2982543945312
2009-04-21,346.1875048828125,346.0457080078125,346.37265869140623
2009-04-28,346.1459326171875,346.04349243164063,346.35346557617186
2009-05-05,346.1325305175781,346.05379760742187,346.34454956054685
2009-05-12,346.12810180664064,346.04606689453124,346.35240966796874
2009-05-19,346.06425537109374,346.0204174804687,346.5290319824219
2009-05-26,346.37379760742186,346.1150170898438,346.7450158691406
2009-06-02,346.436201171875,346.12828857421874,346.9788940429688
2009-06-09,346.5995483398437,346.1949255371094,347.1616931152344
2009-06-16,346.7489782714844,346.24394775390624,347.55271484375
2009-06-23,346.757255859375,346.1956481933594,347.61607543945314
2009-06-30,346.59958618164063,345.97982421875,347.435791015625
2009-07-07,346.796748046875,346.1262145996094,347.51141845703125
2009-07-14,346.95451782226564,346.14131225585936,347.73847534179686
2009-07-21,347.03492553710936,346.14925659179687,347.7532397460937
2009-07-28,346.9885559082031,346.0556921386719,347.6706982421875
2009-08-04,347.1262255859375,346.0432568359375,347.8064392089844
2009-08-11,347.33978759765625,346.14011352539063,347.9891796875
2009-08-18,347.4100061035156,346.551376953125,347.8651916503906
2009-08-25,347.4511608886719,346.6425793457031,347.87674438476563
2009-09-01,347.4756640625,346.7386999511719,347.84385986328124
2009-09-08,347.4611657714844,346.79533935546874,347.7516345214844
2009-09-15,347.47712646484376,346.97045532226565,347.7110217285156
2009-09-22,347.487451171875,347.0724560546875,347.6778833007813
2009-09-29,347.4221838378906,347.0556311035156,347.5255773925781
2009-10-06,347.3230224609375,347.02577392578127,347.37311279296875
2009-10-13,347.26690063476565,346.96691162109374,347.3210559082031
2009-10-20,347.282451171875,346.9904736328125,347.3396691894531
2009-10-27,347.2731201171875,347.062021484375,347.3192846679688
2009-11-03,347.22624755859374,346.99439697265626,347.29146240234377
2009-11-10,347.1492395019531,346.8974621582031,347.2404638671875
2009-11-17,347.08050048828125,346.82818725585935,347.2158093261719
2009-11-24,346.98628662109377,346.6691149902344,347.16570434570315
2009-12-01,346.9286267089844,346.59404418945314,347.056015625
2009-12-08,346.86093994140623,346.52552490234376,347.032685546875
2009-12-15,346.84168212890626,346.48323120117186,347.0030834960937
2009-12-22,346.78770141601564,346.4450256347656,346.9509936523437
2009-12-29,346.72664306640627,346.4015051269531,346.9046960449219
2010-01-05,346.6444775390625,346.33032592773435,346.85065673828126
2010-01-12,346.4736389160156,346.1740881347656,346.76780517578123
2010-01-19,346.4329052734375,346.1334802246094,346.7056982421875
2010-01-26,346.4334448242187,346.1400891113281,346.6857421875
2010-02-02,346.39911987304686,346.1260791015625,346.63916870117185
2010-02-09,346.349150390625,346.0924267578125,346.6073889160156
2010-02-16,346.2773071289063,346.06302368164063,346.55004516601565
2010-02-23,346.35569580078123,346.0882409667969,346.55201049804685
2010-03-02,346.33622802734374,346.07743408203123,346.52776611328125
2010-03-09,346.215380859375,346.04786376953126,346.4838977050781
2010-03-16,346.26358520507813,346.0634033203125,346.46486328125
2010-03-23,346.22559814453126,346.03814208984375,346.43742919921874
2010-03-30,346.23132080078125,346.044873046875,346.4362426757813
2010-04-06,346.17189208984377,346.0311950683593,346.37745361328126
2010-04-13,346.0657678222656,345.99728515625,346.28616821289063
2010-04-20,346.1340075683594,346.0127807617188,346.33927734375
2010-04-27,346.1371276855469,346.0180822753906,346.34882080078125
2010-05-04,346.1143701171875,346.00427978515626,346.34566772460937
2010-05-11,346.0749291992188,345.9921984863281,346.3062731933594
2010-05-18,346.00751831054686,345.94732177734375,346.41286376953127
2010-05-25,346.1958288574219,346.0467236328125,346.593369140625
2010-06-01,346.1071337890625,345.95819091796875,346.5138464355469
2010-06-08,346.238251953125,346.0057568359375,346.56017700195315
2010-06-15,346.24261352539065,345.9840832519531,346.6953161621093
2010-06-22,346.34781982421873,346.00654663085936,346.69607421875
2010-06-29,346.3883361816406,346.0117236328125,346.83203979492185
2010-07-06,346.48797119140625,346.03089233398435,347.0514123535156
2010-07-13,346.50628051757815,345.9469787597656,347.26508056640625
2010-07-20,346.68919555664064,346.0204223632812,347.40306762695315
2010-07-27,346.8785656738281,346.0974499511719,347.6262219238281
2010-08-03,347.03900268554685,346.20923828125,347.78728149414064
2010-08-10,347.24108154296874,346.2192907714844,347.8695178222656
2010-08-17,346.95877563476563,346.14805419921873,347.47758056640623
2010-08-24,347.0004357910156,346.240087890625,347.390673828125
2010-08-31,347.0364453125,346.36051513671873,347.3508947753906
2010-09-07,347.0406005859375,346.38734619140627,347.305205078125
2010-09-14,347.0262939453125,346.314091796875,347.27958618164064
2010-09-21,347.0705944824219,346.48247192382814,347.2537365722656
2010-09-28,347.0662536621094,346.5731384277344,347.2513745117187
2010-10-05,347.0497351074219,346.53428955078124,347.2244677734375
2010-10-12,347.05937622070314,346.6159948730469,347.2400390625
2010-10-19,347.0772924804688,346.732265625,347.26781005859374
2010-10-26,347.0385375976563,346.66884521484377,347.2889306640625
2010-11-02,347.02272338867186,346.7065051269531,347.2953088378906
2010-11-09,347.0295642089844,346.7334899902344,347.3390380859375
2010-11-16,347.00843139648435,346.73052490234375,347.3487487792969
2010-11-23,346.9401110839844,346.61016967773435,347.2950231933594
2010-11-30,346.90681640625,346.6340905761719,347.221728515625
2010-12-07,346.8202551269531,346.48771240234373,347.1674072265625
2010-12-14,346.807783203125,346.5038610839844,347.18475463867185
2010-12-21,346.82415649414065,346.4988732910156,347.1488818359375
2010-12-28,346.7655126953125,346.4236657714844,347.0473474121094
2011-01-04,346.7283959960937,346.390185546875,347.02277709960936
2011-01-11,346.7403076171875,346.3883923339844,346.9587890625
2011-01-18,346.69771850585937,346.3316491699219,346.8689196777344
2011-01-25,346.6369995117187,346.28247802734376,346.8132751464844
2011-02-01,346.60439331054687,346.2553283691406,346.8267504882813
2011-02-08,346.6602526855469,346.2873327636719,346.8995104980469
2011-02-15,346.6759716796875,346.29515380859374,347.0289514160156
2011-02-22,346.6753063964844,346.279306640625,347.0930444335938
2011-03-01,346.5210498046875,346.1794189453125,346.9583752441406
2011-03-08,346.44393432617187,346.16040405273435,347.0097912597656
2011-03-15,346.4412951660156,346.1472326660156,347.0195788574219
2011-03-22,346.371044921875,346.120322265625,346.8183666992188
2011-03-29,346.40050415039065,346.1283288574219,346.86904174804687
2011-04-05,346.3063977050781,346.0916271972656,346.77575439453125
2011-04-12,346.2268225097656,346.08160400390625,346.5642077636719
2011-04-19,346.2726940917969,346.11933959960936,346.575244140625
2011-04-26,346.24499267578125,346.12798583984375,346.5293542480469
2011-05-03,346.35853271484376,346.16722900390624,346.5981518554688
2011-05-10,346.36811767578126,346.1610400390625,346.613544921875
2011-05-17,346.3514990234375,346.16166015625,346.8494543457031
2011-05-24,346.5123498535156,346.23393188476564,346.9496166992187
2011-05-31,346.4184704589844,346.16056762695314,346.8440625
2011-06-07,346.40313232421875,346.1230737304688,347.01243896484374
2011-06-14,346.46520141601565,346.0586279296875,347.4372937011719
2011-06-21,346.6327819824219,346.0898645019531,347.57453002929685
2011-06-28,346.97953247070313,346.2315954589844,347.9544567871094
2011-07-05,347.09185668945315,346.1507312011719,347.968037109375
2011-07-12,347.383134765625,346.05340576171875,347.89117309570315
2011-07-19,347.27211181640627,346.3116394042969,348.05578857421875
2011-07-26,347.3977099609375,346.3336474609375,348.07584594726563
2011-08-02,347.756533203125,346.3373645019531,348.2116760253906
2011-08-09,347.6122436523437,346.56470581054685,348.1378955078125
2011-08-16,347.7320886230469,346.77842895507814,348.2721105957031
2011-08-23,347.75449829101564,346.90951171875,348.2705920410156
2011-08-30,347.883876953125,347.2512414550781,348.38066528320314
2011-09-06,347.8631213378906,347.40203369140625,348.34479736328126
2011-09-13,347.9939624023437,347.5186828613281,348.4805163574219
2011-09-20,348.02262939453124,347.57840454101563,348.48609252929685
2011-09-27,347.9302001953125,347.57127685546874,348.36627197265625
2011-10-04,347.94870849609373,347.604912109375,348.3931237792969
2011-10-11,347.9720715332031,347.5926525878906,348.39946533203124
2011-10-18,347.9113623046875,347.5849365234375,348.32814819335937
2011-10-25,347.85051513671874,347.52177368164064,348.20070678710937
2011-11-01,347.8381030273438,347.5055786132813,348.223623046875
2011-11-08,347.9279260253906,347.521103515625,348.36955078125
2011-11-15,347.955654296875,347.50259765625,348.5771435546875
2011-11-22,347.9690673828125,347.46965454101564,348.59667114257815
2011-11-29,347.97875,347.47347534179687,348.723544921875
2011-12-06,347.953759765625,347.4467492675781,348.7346984863281
2011-12-13,347.82814819335937,347.3514880371094,348.5237561035156
2011-12-20,347.7018518066406,347.2520385742188,348.3714685058593
2011-12-27,347.55340454101565,347.1346008300781,348.17315673828125
2012-01-03,347.4908837890625,347.0556005859375,348.0967822265625
2012-01-10,347.40458984375,346.953447265625,347.99974853515624
2012-01-17,347.3063671875,346.859130859375,347.9007263183594
2012-01-24,347.2356323242187,346.7704345703125,347.8097998046875
2012-01-31,347.10686157226564,346.6361096191406,347.72138061523435
2012-02-07,347.0287719726563,346.56737548828124,347.68060424804685
2012-02-14,346.8050231933594,346.38190673828126,347.4454772949219
2012-02-21,346.6976623535156,346.3084704589844,347.36774291992185
2012-02-28,346.64617309570315,346.26363159179687,347.2652844238281
2012-03-06,346.58888427734377,346.224326171875,347.24768798828126
2012-03-13,346.4964392089844,346.1945068359375,347.08646118164063
2012-03-20,346.5174853515625,346.1898962402344,347.05224609375
2012-03-27,346.4821887207031,346.192001953125,347.0326770019531
2012-04-03,346.5009216308593,346.1847924804688,347.02366333007814
2012-04-10,346.5091259765625,346.1823364257813,346.8739599609375
2012-04-17,346.423271484375,346.1574938964844,346.78836547851563
2012-04-24,346.4478747558594,346.1814721679688,346.7466564941406
2012-05-01,346.42197998046873,346.19556030273435,346.72172607421874
2012-05-08,346.5058544921875,346.21544555664065,346.78623168945313
2012-05-15,346.56317749023435,346.2532629394531,346.98522216796874
2012-05-22,346.71149658203126,346.28431884765627,347.7393310546875
2012-05-29,346.7864721679687,346.30242309570315,347.88028442382813
2012-06-05,346.90369384765626,346.3055712890625,348.08216796875
2012-06-12,347.06699462890623,346.4017944335937,348.27845092773435
2012-06-19,347.2881384277344,346.4590087890625,348.651796875
2012-06-26,347.11733276367187,346.33873657226565,348.2260791015625
2012-07-03,347.2377868652344,346.42547485351565,348.3051867675781
2012-07-10,347.3839099121094,346.4170886230469,348.38999755859373
2012-07-17,347.8983044433594,346.8788037109375,348.8139953613281
2012-07-24,348.35588012695314,347.2682849121094,349.3533239746094
2012-07-31,348.3627355957031,347.29861938476563,349.3412634277344
2012-08-07,348.7710815429688,347.4743493652344,349.5476965332031
2012-08-14,348.9630981445313,347.634365234375,349.6220861816406
2012-08-21,349.01222412109377,347.7537365722656,349.5013024902344
2012-08-28,348.83563720703125,347.76580810546875,349.47278198242185
2012-09-04,348.7846691894531,347.83675659179687,349.4331103515625
2012-09-11,348.5657531738281,347.7676574707031,349.308798828125
2012-09-18,348.70521728515627,347.78749877929687,349.365029296875
2012-09-25,348.6478161621094,347.80283813476564,349.43086303710936
2012-10-02,348.38059204101563,347.74866577148435,349.168671875
2012-10-09,348.72909057617187,347.79153930664063,349.4428515625
2012-10-16,348.6559851074219,347.82685424804686,349.5523779296875
2012-10-23,348.4026818847656,347.74691284179687,349.3283422851562
2012-10-30,348.3854125976562,347.71385498046874,349.2939111328125
2012-11-06,348.3099206542969,347.69311157226565,349.22705078125
2012-11-13,348.22040405273435,347.615380859375,349.0674621582031
2012-11-20,348.1796240234375,347.5679736328125,349.03788208007813
2012-11-27,348.0255224609375,347.4685205078125,348.8239794921875
2012-12-04,347.8011071777344,347.3421752929688,348.46891235351563
2012-12-11,347.7395361328125,347.2767810058594,348.4151123046875
2012-12-18,347.62815063476563,347.18453002929687,348.2870544433593
2012-12-25,347.5046398925781,347.0641455078125,348.1800390625
2013-01-01,347.4156970214844,346.9931628417969,348.0668200683594
2013-01-08,347.3312292480469,346.89771484375,347.9434436035156
2013-01-15,347.1582507324219,346.70476684570315,347.67873046875
2013-01-22,347.07072875976564,346.639990234375,347.60508544921873
2013-01-29,347.102890625,346.64921630859374,347.6717224121094
2013-02-05,347.06803955078124,346.5997839355469,347.6404138183594
2013-02-12,347.0441467285156,346.55904663085937,347.6758544921875
2013-02-19,346.9496118164063,346.4619152832031,347.5398742675781
2013-02-26,346.8073522949219,346.3708337402344,347.2660559082031
2013-03-05,346.86126220703125,346.3929138183594,347.42023803710936
2013-03-12,346.84454956054685,346.3585107421875,347.38438720703124
2013-03-19,346.77720336914064,346.30195190429686,347.2697595214844
2013-03-26,346.6815759277344,346.2546044921875,347.07239990234376
2013-04-02,346.591787109375,346.22112060546874,346.95897583007815
2013-04-09,346.6648486328125,346.2441711425781,346.8640625
2013-04-16,346.5877160644531,346.2165417480469,346.74794921875
2013-04-23,346.60134765625,346.23996704101563,346.7709948730469
2013-04-30,346.6283654785156,346.23945068359376,346.7787109375
2013-05-07,346.67801391601563,346.2519580078125,346.8529528808594
2013-05-14,346.7440673828125,346.2812170410156,347.333935546875
2013-05-21,346.82368041992186,346.26443359375,348.07819580078126
2013-05-28,347.01287719726565,346.24943481445314,348.33990356445315
2013-06-04,347.2939135742188,346.3308349609375,348.49108032226565
2013-06-11,347.39086181640624,346.44495483398435,348.6947729492188
2013-06-18,347.4539916992188,346.5391589355469,348.7463635253906
2013-06-25,347.61895751953125,346.57124267578126,348.7718872070312
2013-07-02,347.7842065429688,346.6926904296875,348.807783203125
2013-07-09,348.20936401367186,347.1982141113281,348.99797119140624
2013-07-16,348.2429357910156,347.32228881835937,349.02534057617186
2013-07-23,348.05976318359376,347.15739868164064,349.0042687988281
2013-07-30,348.4667395019531,347.03955932617185,348.66684814453123
2013-08-06,348.3518981933594,347.485126953125,348.87623901367186
2013-08-13,348.3862438964844,347.5814685058594,348.9137963867188
2013-08-20,348.41034912109376,347.6943933105469,348.94651489257814
2013-08-27,348.3914892578125,347.74052368164064,348.8756091308594
2013-09-03,348.12784301757813,347.60796508789065,348.6465625
2013-09-10,348.1205163574219,347.6213684082031,348.61022094726565
2013-09-17,348.0653393554687,347.60846435546875,348.5199072265625
2013-09-24,348.1253015136719,347.6265563964844,348.55766357421874
2013-10-01,348.0479943847656,347.6661950683594,348.50733642578126
2013-10-08,348.06572265625,347.65108276367187,348.43640502929685
2013-10-15,348.030244140625,347.5776892089844,348.34922607421873
2013-10-22,347.9122045898437,347.5459924316406,348.24920166015625
2013-10-29,347.8475634765625,347.4983117675781,348.1642236328125
2013-11-05,347.82763305664065,347.45531372070315,348.1616271972656
2013-11-12,347.78399658203125,347.41424438476565,348.1414733886719
2013-11-19,347.8048254394531,347.4025659179688,348.192275390625
2013-11-26,347.8550927734375,347.4019494628906,348.40800415039064
2013-12-03,348.06129150390626,347.4755871582031,348.6202233886719
2013-12-10,347.95189208984374,347.41890502929687,348.6390502929688
2013-12-17,348.0944763183594,347.4955895996094,348.7732885742187
2013-12-24,348.0306030273438,347.45208251953125,348.615625
2013-12-31,347.8959753417969,347.36901123046874,348.4127404785156
2014-01-07,347.7364306640625,347.2193969726562,348.26246337890626
2014-01-14,347.5432287597656,347.06215209960936,348.1094873046875
2014-01-21,347.4132653808594,346.9416174316406,348.097333984375
2014-01-28,347.2951770019531,346.8263806152344,347.99431884765625
2014-02-04,347.17441650390623,346.7253466796875,347.7831555175781
2014-02-11,347.0795959472656,346.6060107421875,347.61295532226563
2014-02-18,347.0184851074219,346.5515734863281,347.5036267089844
2014-02-25,346.9584521484375,346.4937890625,347.5110498046875
2014-03-04,346.8250732421875,346.3873400878906,347.3680603027344
2014-03-11,346.7283959960937,346.3536645507813,347.2436328125
2014-03-18,346.8734814453125,346.4349951171875,347.3088269042969
2014-03-25,346.8669970703125,346.3924462890625,347.33104736328124
2014-04-01,346.7828112792969,346.3652478027344,347.18792114257815
2014-04-08,346.8109436035156,346.3638134765625,347.20352661132813
2014-04-15,346.71242431640627,346.3360583496094,347.15013305664064
2014-04-22,346.6746362304688,346.3360388183594,347.1365405273437
2014-04-29,346.7304943847656,346.3492724609375,347.20217041015627
2014-05-06,346.7815783691406,346.36493041992185,347.2766357421875
2014-05-13,346.8877111816406,346.377265625,347.40928955078124
2014-05-20,346.9798254394531,346.36029296875,348.0449499511719
2014-05-27,347.0931494140625,346.4896557617187,348.28301391601565
2014-06-03,347.36644775390624,346.4255859375,348.8625500488281
2014-06-10,347.58937744140627,346.5073669433594,348.8976354980469
2014-06-17,347.45728515625,346.5735876464844,348.9191528320313
2014-06-24,347.47456787109377,346.64333251953127,348.8721911621094
2014-07-01,347.70359375,346.5985498046875,348.9309741210937
2014-07-08,347.6913000488281,346.65166015625,348.82453002929685
2014-07-15,347.8245422363281,346.5975732421875,348.7202844238281
2014-07-22,347.81239135742186,346.7667443847656,348.69048583984375
2014-07-29,347.84155639648435,346.8995300292969,348.69165893554685
2014-08-05,347.9881115722656,347.1808435058594,348.7910986328125
2014-08-12,347.9538220214844,347.2727331542969,348.6714807128906
2014-08-19,348.1152868652344,347.4971435546875,348.8338513183594
2014-08-26,348.047197265625,347.5297863769531,348.7849719238281
2014-09-02,348.08675659179687,347.5407556152344,348.7813024902344
2014-09-09,347.921572265625,347.5384191894531,348.6185571289063
2014-09-16,347.844990234375,347.4668103027344,348.5683874511719
2014-09-23,347.7641613769531,347.4262951660156,348.43595458984373
2014-09-30,347.7335546875,347.42737060546875,348.2648706054688
2014-10-07,347.7975732421875,347.4736535644531,348.4087854003906
2014-10-14,347.5949987792969,347.3315441894531,347.9619482421875
2014-10-21,347.52940063476564,347.2685876464844,347.82255981445314
2014-10-28,347.52173828125,347.2631359863281,347.7955603027344
2014-11-04,347.55488037109376,347.27693115234376,347.8651733398437
2014-11-11,347.492138671875,347.2180163574219,347.76193969726563
2014-11-18,347.4348901367188,347.1418835449219,347.7292626953125
2014-11-25,347.3420251464844,347.04637451171874,347.67091552734377
2014-12-02,347.123955078125,346.82030395507815,347.493203125
2014-12-09,346.90779174804686,346.542607421875,347.3838464355469
2014-12-16,346.8111083984375,346.4729333496094,347.3166015625
2014-12-23,346.7606884765625,346.4193371582031,347.269765625
2014-12-30,346.7468908691406,346.4474841308594,347.30269287109377
2015-01-06,346.75560791015624,346.36706909179685,347.41478149414064
2015-01-13,346.81884399414065,346.44072021484374,347.47365234375
2015-01-20,346.8085302734375,346.4192041015625,347.4818432617187
2015-01-27,346.7714575195312,346.389892578125,347.4617858886719
2015-02-03,346.71807861328125,346.3397412109375,347.3714660644531
2015-02-10,346.69242919921874,346.3499230957031,347.35252197265623
2015-02-17,346.85702026367187,346.4168420410156,347.4461694335937
2015-02-24,346.80395751953125,346.3663391113281,347.3666613769531
2015-03-03,346.70861328125,346.3078369140625,347.2485302734375
2015-03-10,346.6508410644531,346.29087890625,347.20066162109373
2015-03-17,346.47700439453126,346.1602282714844,347.0222998046875
2015-03-24,346.52211303710936,346.21069580078125,347.1563623046875
2015-03-31,346.5272180175781,346.1881311035156,347.09905395507815
2015-04-07,346.4577587890625,346.17107543945315,347.0481701660156
2015-04-14,346.45708618164065,346.17408203125,347.04747680664065
2015-04-21,346.52906616210936,346.2114953613281,346.9883117675781
2015-04-28,346.50348388671875,346.2211926269531,347.0347509765625
2015-05-05,346.5790588378906,346.24626953125,347.1239929199219
2015-05-12,346.6010485839844,346.2333081054687,347.6371520996093
2015-05-19,346.7438623046875,346.2731018066406,348.03270751953124
2015-05-26,347.18705322265623,346.36859008789065,348.58656005859376
2015-06-02,348.8044152832031,346.5076208496094,350.0897180175781
2015-06-09,349.0037438964844,346.7348022460937,350.2278137207031
2015-06-16,348.9246435546875,346.8340209960937,350.1792272949219
2015-06-23,349.4228552246093,346.7735961914062,350.429326171875
2015-06-30,349.43806518554686,347.2822583007812,350.36004760742185
2015-07-07,349.6239172363281,347.4488244628906,350.3594018554688
2015-07-14,349.64341064453123,347.6602893066406,350.35908081054686
2015-07-21,349.55166015625,347.71562133789064,350.1934716796875
2015-07-28,349.60362915039065,347.8709655761719,350.19891479492185
2015-08-04,349.70694458007813,347.967744140625,350.2180114746094
2015-08-11,349.48915771484377,348.0119372558594,350.0574975585937
2015-08-18,349.26460815429687,347.94447509765627,349.8027685546875
2015-08-25,349.2681237792969,348.069033203125,349.5937976074219
2015-09-01,348.74100219726563,347.93973754882813,349.302783203125
2015-09-08,348.49501831054687,347.83040283203127,349.152744140625
2015-09-15,348.5699133300781,347.92144165039065,349.1310144042969
2015-09-22,348.4759887695312,347.8761474609375,349.0514294433594
2015-09-29,348.6208813476562,347.90138671875,349.19355346679686
2015-10-06,348.61991821289064,347.85039794921875,349.3516003417969
2015-10-13,348.45294311523435,347.84302734375,349.24707885742185
2015-10-20,348.5358874511719,347.8835437011719,349.2801123046875
2015-10-27,348.39008666992186,347.78949096679685,349.2340893554688
2015-11-03,348.34546875,347.7520959472656,349.19145263671874
2015-11-10,348.3860986328125,347.7325378417969,349.352099609375
2015-11-17,348.16934692382813,347.6258068847656,349.0014538574219
2015-11-24,348.0207421875,347.5325720214844,348.7559338378906
2015-12-01,347.9553112792969,347.48126953125,348.6216711425781
2015-12-08,348.03149169921875,347.4902770996094,348.7523583984375
2015-12-15,347.9965930175781,347.45113159179687,348.63836059570315
2015-12-22,347.9021105957031,347.388525390625,348.4077783203125
2015-12-29,347.8085925292969,347.29211181640625,348.3381628417969
2016-01-05,347.6359643554688,347.1524182128906,348.1394995117187
2016-01-12,347.4730224609375,346.9940502929687,348.0483679199219
2016-01-19,347.4042419433593,346.922568359375,347.9692749023437
2016-01-26,347.3179052734375,346.8291015625,347.84325317382815
2016-02-02,347.2491467285156,346.7466064453125,347.6773937988281
2016-02-09,347.1947546386719,346.71079345703123,347.71089721679687
2016-02-16,347.07869018554686,346.58653930664065,347.6309423828125
2016-02-23,346.9728479003906,346.49098510742186,347.5157763671875
2016-03-01,346.9417321777344,346.4604602050781,347.5063684082031
2016-03-08,346.8812548828125,346.39896484375,347.42100219726564
2016-03-15,346.77486206054687,346.3363305664063,347.3164892578125
2016-03-22,346.72117431640623,346.30853515625,347.2294409179688
2016-03-29,346.66046264648435,346.24295532226563,347.10461791992185
2016-04-05,346.55358032226565,346.2353210449219,346.8695593261719
2016-04-12,346.5514184570313,346.222119140625,346.9054650878906
2016-04-19,346.51189575195315,346.2102416992187,346.83098388671874
2016-04-26,346.49236572265625,346.2152221679688,346.76670166015623
2016-05-03,346.51237060546873,346.2328833007812,347.2077221679688
2016-05-10,346.63092041015625,346.2756774902344,347.72028564453126
2016-05-17,346.73861328125,346.31131469726563,347.4844079589844
2016-05-24,346.7630810546875,346.30671752929686,347.8294665527344
2016-05-31,346.7629125976562,346.21496215820315,347.9382495117188
2016-06-07,346.92655883789064,346.3003002929688,348.0548303222656
2016-06-14,347.06584716796874,346.3743908691406,348.1351049804687
2016-06-21,347.25599853515627,346.5369287109375,348.43810668945315
2016-06-28,347.3163317871094,346.36125732421874,348.3995727539062
2016-07-05,347.4279479980469,346.4091845703125,348.4366772460937
2016-07-12,347.54258911132814,346.65733154296873,348.5271105957031
2016-07-19,347.97289306640624,347.00182250976565,348.84769165039063
2016-07-26,348.50466796875,346.997158203125,348.865849609375
2016-08-02,348.1952001953125,347.34026489257815,348.9680554199219
2016-08-09,348.3915966796875,347.4588342285156,349.1416552734375
2016-08-16,348.44690307617185,347.603974609375,349.2270812988281
2016-08-23,348.75045288085937,347.7880798339844,349.25098510742185
2016-08-30,348.4123181152344,347.76109008789064,349.07645629882813
2016-09-06,348.5236328125,347.817119140625,349.1348986816406
2016-09-13,348.5619750976563,347.8838159179688,349.17304931640626
2016-09-20,348.5376245117188,347.8680676269531,349.1228759765625
2016-09-27,348.35748413085935,347.77314331054686,348.9738073730469
2016-10-04,348.23722778320314,347.66229858398435,348.85363403320315
2016-10-11,348.04516967773435,347.5739172363281,348.68111206054687
2016-10-18,347.95799926757815,347.536806640625,348.5376416015625
2016-10-25,347.8027587890625,347.47001586914064,348.25023193359374
2016-11-01,347.6905627441406,347.3896203613281,348.0854504394531
2016-11-08,347.5265905761719,347.249130859375,347.8251342773437
2016-11-15,347.4960388183593,347.2070520019531,347.8273547363281
2016-11-22,347.4951306152344,347.17506225585936,347.91487182617186
2016-11-29,347.46486206054686,347.1123742675781,347.94068115234376
2016-12-06,347.4571472167969,347.0895654296875,347.95963500976563
2016-12-13,347.59169799804687,347.13077880859373,348.16132202148435
2016-12-20,347.6268322753906,347.13415283203125,348.3051708984375
2016-12-27,347.516171875,347.0441552734375,348.129921875
2017-01-03,347.437861328125,346.9653076171875,347.9938037109375
2017-01-10,347.33795654296875,346.9148120117188,347.94921508789065
2017-01-17,347.3106750488281,346.84314331054685,347.8631335449219
2017-01-24,347.2891833496094,346.86023315429685,347.8095751953125
2017-01-31,347.42909912109377,346.945068359375,347.7827404785156
2017-02-07,347.34671875,346.85062133789063,347.8108569335937
2017-02-14,347.1760412597656,346.7081945800781,347.75533203125
2017-02-21,347.1657727050781,346.6886889648438,347.60035522460936
2017-02-28,347.14045166015626,346.6478564453125,347.6336291503906
2017-03-07,347.1019396972656,346.59089721679686,347.609951171875
2017-03-14,347.0321936035156,346.5131408691406,347.46873657226564
2017-03-21,346.9917785644531,346.49021118164063,347.4055224609375
2017-03-28,346.98033203125,346.4990295410156,347.3242041015625
2017-04-04,347.00584594726564,346.48332641601564,347.41134765625
2017-04-11,346.99475830078126,346.4790197753906,347.31023071289064
2017-04-18,347.043828125,346.47396484375,347.3623095703125
2017-04-25,347.1688623046875,346.51751098632815,347.3788696289063
2017-05-02,347.2042932128906,346.4803173828125,347.3683215332032
2017-05-09,347.9335461425781,346.5219934082031,347.738115234375
2017-05-16,347.7668933105469,346.5169470214844,347.6838061523438
2017-05-23,348.87638427734373,346.61028930664065,349.9833044433594
2017-05-30,348.6932043457031,346.7116455078125,349.9167126464844
2017-06-06,348.4466845703125,346.7417138671875,349.95657836914063
2017-06-13,348.8982824707031,346.64959106445315,349.4731103515625
2017-06-20,348.1930224609375,346.9264221191406,349.23014282226563
2017-06-27,347.97193115234376,346.9996984863281,349.203095703125
2017-07-04,348.30867065429686,347.0958203125,349.19390747070315
2017-07-11,348.1941027832031,347.18151611328125,349.1163317871094
2017-07-18,348.9222412109375,347.59741455078125,349.6692651367188
2017-07-25,349.0068469238281,347.7919860839844,349.74171875
2017-08-01,348.5258056640625,347.8353381347656,348.95060791015624
2017-08-08,348.7166455078125,347.9096923828125,349.20606689453126
2017-08-15,348.77977294921874,347.9464990234375,349.27872680664063
2017-08-22,348.758837890625,347.97529663085936,349.2344018554688
2017-08-29,348.71928955078124,347.9729907226563,349.25529541015624
2017-09-05,348.8578186035156,348.0797412109375,349.2908728027344
2017-09-12,348.8050817871094,348.02104614257814,349.2505310058594
2017-09-19,348.73699829101565,348.0268811035156,349.25825439453126
2017-09-26,348.6161096191406,347.98783203125,349.1936181640625
2017-10-03,348.50921020507815,347.93544677734377,349.1071875
2017-10-10,348.3947692871094,347.8795751953125,349.04358276367185
2017-10-17,348.3324938964844,347.8251098632812,349.0167138671875
2017-10-24,348.2400866699219,347.7642883300781,348.97120361328126
2017-10-31,348.2025927734375,347.7408764648437,348.9254309082031
2017-11-07,348.2381384277344,347.73199340820315,348.9755322265625
2017-11-14,348.1747985839844,347.6655700683594,348.955048828125
2017-11-21,348.1347692871093,347.6154675292969,348.8557470703125
2017-11-28,348.0768176269532,347.56474243164064,348.73588012695313
2017-12-05,348.06632446289063,347.53458618164063,348.7096594238281
2017-12-12,347.9942956542969,347.4418701171875,348.6593212890625
2017-12-19,347.82626953125,347.32556640625,348.4299548339844
2017-12-26,347.80205688476565,347.2810595703125,348.40680053710935
2018-01-02,347.5380871582031,347.0832690429688,348.16154907226564
2018-01-09,347.465185546875,347.0121545410156,348.03781860351563
2018-01-16,347.2373474121094,346.7804260253906,347.71315307617186
2018-01-23,347.1136364746094,346.65728149414065,347.6170971679687
2018-01-30,346.90018676757813,346.44470703125,347.30919067382814
2018-02-06,346.78855712890623,346.3521997070313,346.9879931640625
2018-02-13,346.7128210449219,346.29173950195315,346.8953332519531
2018-02-20,346.69778930664063,346.2642395019531,346.81988647460935
2018-02-27,346.6628662109375,346.2349353027344,346.7660876464844
2018-03-06,346.5881713867187,346.20099609375,346.7076672363281
2018-03-13,346.5827807617188,346.1806982421875,346.68828857421875
2018-03-20,346.53606201171874,346.17486572265625,346.6666735839844
2018-03-27,346.5093359375,346.15168823242186,346.6260595703125
2018-04-03,346.4366809082032,346.14085571289064,346.551826171875
2018-04-10,346.391328125,346.12810302734374,346.5159997558593
2018-04-17,346.2869714355469,346.09484375,346.395908203125
2018-04-24,346.34158813476563,346.11842041015626,346.47691528320314
2018-05-01,346.36059936523435,346.12302734375,346.4843798828125
2018-05-08,346.4310607910156,346.15535522460937,346.61585205078126
2018-05-15,346.37229614257814,346.1142736816406,347.1741296386719
2018-05-22,346.622685546875,346.19422729492186,347.3400561523438
2018-05-29,346.7107238769531,346.1861267089844,347.53075317382815
2018-06-05,346.8920422363281,346.25927001953124,347.8623107910156
2018-06-12,347.0063488769531,346.32244750976565,347.8570458984375
2018-06-19,347.14892333984375,346.33824462890624,348.27833740234377
2018-06-26,347.28386474609374,346.52001220703124,348.42565063476565
2018-07-03,347.5104406738281,346.43475219726565,348.6565368652344
2018-07-10,347.4875537109375,346.47941650390624,348.57972045898435
2018-07-17,347.50104736328126,346.22914306640627,348.2642761230469
2018-07-24,347.2758459472656,346.0833312988281,347.9935290527344
2018-07-31,347.59503295898435,346.14759155273435,348.1251416015625
2018-08-07,347.34785522460936,346.21091430664063,347.86802734375
2018-08-14,347.320322265625,346.485234375,347.72209716796874
2018-08-21,347.425947265625,346.6167468261719,347.81500244140625
2018-08-28,347.2527099609375,346.49265625,347.56779907226564
2018-09-04,347.3231311035156,346.5270300292969,347.6379443359375
2018-09-11,347.37196166992186,346.56996337890627,347.655693359375
2018-09-18,347.30836181640626,346.8202087402344,347.41229858398435
2018-09-25,347.4491931152344,347.0671594238281,347.549404296875
2018-10-02,347.5330078125,347.2075561523437,347.63335571289065
2018-10-09,347.5128552246094,347.23999755859376,347.6182275390625
2018-10-16,347.5391418457031,347.25618041992186,347.6589660644531
2018-10-23,347.4818237304688,347.1829370117188,347.6389404296875
2018-10-30,347.44311889648435,347.19092651367185,347.61346435546875
2018-11-06,347.4583752441406,347.1746618652344,347.6732263183593
2018-11-13,347.33629516601565,347.0593542480469,347.6049279785156
2018-11-20,347.28837890625,346.9715759277344,347.6446801757813
2018-11-27,347.2281237792969,346.8986669921875,347.6333386230469
2018-12-04,347.17429809570314,346.8226208496094,347.6598486328125
2018-12-11,347.074287109375,346.74278930664065,347.569404296875
2018-12-18,347.00999145507814,346.6575305175781,347.501416015625
2018-12-25,346.90248291015627,346.596318359375,347.26196533203125
2019-01-01,346.84636962890625,346.5257824707031,347.28837646484374
2019-01-08,346.86647338867186,346.49590576171875,347.4335424804688
2019-01-15,346.85589477539065,346.4701110839844,347.51349853515626
2019-01-22,346.88811279296874,346.5024426269531,347.4988916015625
2019-01-29,346.83274047851563,346.43994995117185,347.4621301269531
2019-02-05,346.78330078125,346.38788330078125,347.4329577636719
2019-02-12,346.71132690429687,346.3092248535156,347.23314208984374
2019-02-19,346.62116455078126,346.28537719726563,347.1891809082031
2019-02-26,346.7030883789063,346.30428100585937,347.347451171875
2019-03-05,346.7407214355469,346.32794799804685,347.41008544921874
2019-03-12,346.7210229492188,346.2970666503906,347.3474499511719
2019-03-19,346.66798095703126,346.2525732421875,347.258974609375
2019-03-26,346.53888671875,346.1994299316406,347.09129028320314
2019-04-02,346.532275390625,346.21349853515625,347.1142578125
2019-04-09,346.56536987304685,346.2188623046875,347.1319836425781
2019-04-16,346.5119140625,346.20171875,347.0041796875
2019-04-23,346.378232421875,346.189345703125,346.8511962890625
2019-04-30,346.35224365234376,346.19779418945313,347.07291015625
2019-05-07,346.59996337890624,346.26349487304685,346.9702282714844
2019-05-14,346.5901245117187,346.27828491210937,347.217744140625
2019-05-21,346.53334228515627,346.221708984375,347.5913159179688
2019-05-28,346.7585681152344,346.3187536621094,347.8497631835937
2019-06-04,346.95008056640626,346.40552978515626,348.1731494140625
2019-06-11,347.3151025390625,346.49232788085936,348.8261865234375
2019-06-18,348.09334838867187,346.43000244140626,348.9693176269531
2019-06-25,347.48419921875,346.53573120117187,348.8225415039062
2019-07-02,347.3559228515625,346.59338745117185,348.592099609375
2019-07-09,347.6542456054688,346.66141235351563,348.8218994140625
2019-07-16,347.84617919921874,346.61494506835936,348.55681274414064
2019-07-23,347.9844702148437,346.7174963378906,348.66648559570314
2019-07-30,347.8840490722656,346.5604455566406,348.43016845703124
2019-08-06,347.8058740234375,346.71141357421874,348.4586560058594
2019-08-13,347.68508178710937,346.94603271484374,348.2954162597656
2019-08-20,347.6800915527344,347.007919921875,348.3098486328125
2019-08-27,347.74269409179686,347.1981469726563,348.3755419921875
2019-09-03,347.8698474121094,347.32476928710935,348.489111328125
2019-09-10,347.8393273925781,347.38464111328125,348.47713256835937
2019-09-17,347.79835205078126,347.4203894042969,348.36344482421873
2019-09-24,347.65789306640625,347.3337414550781,348.05829833984376
2019-10-01,347.6912097167969,347.38946655273435,348.0038024902344
2019-10-08,347.814853515625,347.49457885742186,348.276025390625
2019-10-15,347.7171374511719,347.4496960449219,348.07538940429686
2019-10-22,347.6373181152344,347.38786865234374,347.8882666015625
2019-10-29,347.687802734375,347.40398193359374,347.99052490234374
2019-11-05,347.68937133789063,347.3890100097656,348.0300402832031
2019-11-12,347.5988195800781,347.30864501953124,347.92639404296875
2019-11-19,347.58814208984376,347.2837768554688,347.96212890625
2019-11-26,347.5774255371094,347.246875,348.0280871582031
2019-12-03,347.53432006835936,347.21832275390625,347.9341845703125
2019-12-10,347.6218542480469,347.22049926757813,348.1799658203125
2019-12-17,347.54698364257814,347.14387084960936,348.14186401367186
2019-12-24,347.5058166503906,347.0927099609375,348.09430419921875
2019-12-31,347.4403601074219,347.0379113769531,348.0160803222656
2020-01-07,347.44962890625,347.0071008300781,348.0413916015625
2020-01-14,347.3858166503906,346.91510620117185,347.9899560546875
2020-01-21,347.24394775390624,346.8310534667969,347.8167236328125
2020-01-28,347.2355419921875,346.7801782226563,347.76558471679687
2020-02-04,347.1394934082031,346.71219970703123,347.6793408203125
2020-02-11,347.1325207519531,346.71450073242187,347.5349389648438
2020-02-18,347.0935583496094,346.64854736328124,347.5463757324219
2020-02-25,346.93846435546874,346.49938720703125,347.365126953125
2020-03-03,346.8667370605469,346.43475463867185,347.38568359375
2020-03-10,346.7193273925781,346.33318481445315,347.2345068359375
2020-03-17,346.7245483398437,346.3296643066406,347.19291259765623
2020-03-24,346.67402221679686,346.28608276367186,347.1042175292969
2020-03-31,346.6981311035156,346.3049963378906,347.0919250488281
2020-04-07,346.69848388671875,346.28896240234377,347.19658447265624
2020-04-14,346.63353515625,346.2694360351563,347.0862927246094
2020-04-21,346.59818969726564,346.2543615722656,347.00318115234376
2020-04-28,346.5349389648438,346.2586926269531,347.12494140625
2020-05-05,346.573759765625,346.27927734375,347.1288586425781
2020-05-12,346.6279028320312,346.2968481445312,347.316689453125
2020-05-19,346.65882568359376,346.2960900878906,347.46238525390623
2020-05-26,346.9794580078125,346.2525354003906,348.7244396972656
2020-06-02,347.1782434082031,346.3371240234375,348.79112426757814
2020-06-09,347.1872668457031,346.43109252929685,348.574609375
2020-06-16,347.1371215820312,346.3004309082031,348.1461962890625
2020-06-23,347.584140625,346.242685546875,348.1298376464844
2020-06-30,347.61565673828125,346.44088256835937,348.45153564453125
2020-07-07,347.51044311523435,346.6102319335937,348.53877197265626
2020-07-14,347.6474267578125,346.74357543945314,348.6568408203125
2020-07-21,347.8559143066406,346.9356164550781,348.7633166503906
2020-07-28,348.143349609375,347.37193603515624,348.87652709960935
2020-08-04,348.2534716796875,347.6228930664063,348.7788464355469
2020-08-11,348.1943884277344,347.69292114257814,348.78163818359377
2020-08-18,348.110849609375,347.70908813476564,348.72305786132813
2020-08-25,348.1427526855469,347.71275146484373,348.784326171875
2020-09-01,348.1239697265625,347.7242578125,348.69663696289064
2020-09-08,348.2275183105469,347.80467529296874,348.7536779785156
2020-09-15,348.1392346191406,347.80157470703125,348.6956787109375
2020-09-22,348.1724645996094,347.7836010742187,348.7716918945313
2020-09-29,348.10613403320315,347.7818334960937,348.69972412109377
2020-10-06,347.9818212890625,347.69724731445314,348.5493469238281
2020-10-13,347.9875866699219,347.69599609375,348.57421875
2020-10-20,347.970126953125,347.6341271972656,348.5460473632813
2020-10-27,347.937294921875,347.61613403320314,348.4469140625
2020-11-03,347.9166564941406,347.58378662109374,348.40322265625
2020-11-10,348.12225341796875,347.64610961914065,348.8080102539063
2020-11-17,348.07955444335937,347.6280615234375,348.82061279296875
2020-11-24,348.03140625,347.5518017578125,348.8322058105469
2020-12-01,347.91297729492186,347.4620751953125,348.6369689941406
2020-12-08,347.75617431640626,347.3216247558594,348.4473889160156
2020-12-15,347.62903198242185,347.20160400390625,348.27659423828123
2020-12-22,347.51013916015626,347.0757312011719,348.1541479492187
2020-12-29,347.3900390625,346.96437377929686,348.01951171875
