Date,Simulated Head,95% Lower Bound,95% Upper Bound
2001-01-02,347.1766095492232,346.9852213109805,347.2677058991566
2001-01-09,347.0815482900609,346.89348215210464,347.16789788527024
2001-01-16,346.99995404695534,346.8379244987228,347.0789804604926
2001-01-23,346.95715248487426,346.81514621617544,347.0440022295284
2001-01-30,346.9071563049854,346.7580740355425,346.9751467169501
2001-02-06,346.8527193433659,346.70480418970374,346.9321116232737
2001-02-13,346.79551975660854,346.6443468066761,346.86663632731467
2001-02-20,346.73675870155506,346.57905877298373,346.8023484017871
2001-02-27,346.6773283166502,346.5173061751848,346.74235338244006
2001-03-06,346.6179008069208,346.46170106786883,346.6739991163032
2001-03-13,346.55897430087043,346.4050599875716,346.607469285032
2001-03-20,346.5005502725117,346.3547824705161,346.54692950394553
2001-03-27,346.4428589575393,346.3011256289678,346.48750215362827
2001-04-03,346.3861573820341,346.2473035379002,346.43346295641857
2001-04-10,346.33060585930826,346.19389781819996,346.37233866630504
2001-04-17,346.27613030914534,346.1446781551947,346.3182064732601
2001-04-24,346.22337818466974,346.09507889804377,346.26608589417236
2001-05-01,346.20531269229787,346.07895669304565,346.25310510906087
2001-05-08,346.26124275132713,346.1299479024719,346.2985132841564
2001-05-15,346.3229758487117,346.17882293986185,346.36705705023553
2001-05-22,346.3628916691631,346.23776355705263,346.39821530420556
2001-05-29,346.4089631368712,346.3149402264754,346.46395022812453
2001-06-05,346.4286189624384,346.3417357427262,346.496034696933
2001-06-12,346.4472391611209,346.3617428248795,346.5328530092321
2001-06-19,346.56269323135103,346.4651164659113,346.6533811188783
2001-06-26,346.6701231212479,346.53538077226,346.74038448729755
2001-07-03,346.7494694668532,346.60045786703824,346.8226623850295
2001-07-10,346.8716748143293,346.71045117319477,346.9483862840124
2001-07-17,346.95822806309167,346.77819436485674,347.0348286904583
2001-07-24,347.15425094363746,346.95260018633587,347.2381902117153
2001-07-31,347.39255374676026,347.1849012299984,347.4676163828075
2001-08-07,347.63041594057904,347.41577306958516,347.706492020563
2001-08-14,347.9040563219591,347.6634479319137,347.9690341042138
2001-08-21,348.2185190551973,347.9509571267265,348.2860216221588
2001-08-28,348.3922570147714,348.1152352275501,348.45090023580207
2001-09-04,348.49782029358965,348.22852855549803,348.55295060356866
2001-09-11,348.5437891030729,348.2838766454547,348.59328583477935
2001-09-18,348.56919464908873,348.32861255095725,348.6172225809154
2001-09-25,348.56748377540487,348.35216187918144,348.6152035431217
2001-10-02,348.5450103198197,348.3505084292236,348.587185776177
2001-10-09,348.48683577371276,348.3142840222696,348.5352367604937
2001-10-16,348.44030825112685,348.29113038209056,348.4910113762645
2001-10-23,348.4239347600979,348.2858254633351,348.47601467900995
2001-10-30,348.4029056493806,348.26247281961906,348.4678659385007
2001-11-06,348.3686576270224,348.2179911796185,348.4345925426027
2001-11-13,348.30332318834047,348.15901380047865,348.3588158785169
2001-11-20,348.2181954453301,348.06826679123463,348.2738768984525
2001-11-27,348.12050047543755,347.98500123914175,348.1797013933906
2001-12-04,348.01511435080846,347.8922774456976,348.0728135937571
2001-12-11,347.90542573286837,347.80075995308334,347.9656643918909
2001-12-18,347.8256775256764,347.7425904136315,347.91318590249716
2001-12-25,347.7473382967364,347.68442623476784,347.8410634695627
2002-01-01,347.6610421244471,347.60000770226264,347.7701387746024
2002-01-08,347.5919557409226,347.52597006616537,347.7399754056511
2002-01-15,347.65001471590904,347.55950084350104,347.7535314278433
2002-01-22,347.7043192847638,347.5633675602166,347.7954289246896
2002-01-29,347.70991271723045,347.5349299654358,347.79284770446685
2002-02-05,347.68377509478614,347.47789256987033,347.7636056588535
2002-02-12,347.63637346539156,347.4143808236435,347.7039778027129
2002-02-19,347.57462783863826,347.3437959878318,347.6412758570072
2002-02-26,347.50330212237327,347.2656375540963,347.5629238094824
2002-03-05,347.4257682734934,347.18492786033255,347.482653490954
2002-03-12,347.34446067605563,347.09692484414666,347.4002377588727
2002-03-19,347.2609957213123,347.0105422340124,347.31086232071334
2002-03-26,347.1763192112735,346.92527259988924,347.219931101809
2002-04-02,347.09119947166926,346.84690149299604,347.13310322064046
2002-04-09,347.00645708941516,346.7731116438606,347.0460994964211
2002-04-16,346.9227030408065,346.7006096939491,346.96442408375844
2002-04-23,346.84912766521165,346.63666421891105,346.88886767607937
2002-04-30,347.0590811843234,346.75718675892153,347.08570137911283
2002-05-07,347.4017207057011,346.9781647097988,347.4280381175065
2002-05-14,347.5751941881429,347.16082135078267,347.6222210105367
2002-05-21,347.66000651961895,347.41461202059924,347.74263533764343
2002-05-28,347.70112324223743,347.53276715770795,347.81357558972354
2002-06-04,347.6853388805637,347.5851567269319,347.84736365991876
2002-06-11,347.63435722616214,347.5624927860186,347.81778945652746
2002-06-18,347.56032711659094,347.4918678702903,347.736344178874
2002-06-25,347.48770862933145,347.415131964404,347.66238781309835
2002-07-02,347.41673869141385,347.34571804342227,347.5712118481813
2002-07-09,347.3608261182814,347.2921019970162,347.5197450857861
2002-07-16,347.4367333718031,347.36504008664673,347.59858603594455
2002-07-23,347.5752806185282,347.49061826844587,347.7522232690332
2002-07-30,347.7112129017747,347.6033416750853,347.88708139704164
2002-08-06,347.78959267834114,347.67698916617474,347.96564730831705
2002-08-13,347.79660058702933,347.6660202227529,347.949230123526
2002-08-20,347.8144881644138,347.675402129963,347.970078427691
2002-08-27,347.7931044985024,347.64663628768795,347.9365931157616
2002-09-03,347.7673097063895,347.6175979764752,347.9062848900848
2002-09-10,347.80360933722125,347.65766855402967,347.93679048294416
2002-09-17,347.826884674953,347.6853953678273,347.9462422162195
2002-09-24,347.82009726132287,347.6745810166761,347.94752013149196
2002-10-01,347.8088386027947,347.67275875143343,347.9256637754331
2002-10-08,347.7756829043047,347.6431607275161,347.88279264310296
2002-10-15,347.72170010120544,347.59385246621827,347.8226346047019
2002-10-22,347.6538803385731,347.53250669512596,347.7428012624513
2002-10-29,347.57694860030506,347.4635427282715,347.6583929058488
2002-11-05,347.4940524445807,347.3721361356563,347.5750504489403
2002-11-12,347.40766680562626,347.3001500864554,347.48697704016394
2002-11-19,347.31968200041837,347.21968138505497,347.39595597296335
2002-11-26,347.2313988220428,347.1354233013072,347.3019000604567
2002-12-03,347.14376599587564,347.04746864709176,347.214373024451
2002-12-10,347.0574735890124,346.9715499641497,347.1271579662643
2002-12-17,346.9771492109195,346.89751193885814,347.04642527953035
2002-12-24,346.8987092876494,346.82334978750964,346.97045486572216
2002-12-31,346.82194701003743,346.7484298326801,346.88849389411456
2003-01-07,346.747198300123,346.6759106156925,346.8146333154565
2003-01-14,346.67469146675967,346.6075281714812,346.73989217184067
2003-01-21,346.6045791934415,346.5391271487118,346.66926239645363
2003-01-28,346.5369573346522,346.4737820345463,346.5979460335284
2003-02-04,346.4718781433137,346.4107449901128,346.5345950370155
2003-02-11,346.40936015984096,346.3498082088188,346.4744136857255
2003-02-18,346.3500626395633,346.29180653242895,346.4163123806507
2003-02-25,346.2963068241674,346.24505060542947,346.36372700290383
2003-03-04,346.24435429414956,346.1997130493529,346.3128504227002
2003-03-11,346.19417829425356,346.148466089371,346.26060378279067
2003-03-18,346.1474227839922,346.1033873494662,346.21289503256713
2003-03-25,346.1028994044301,346.0632498862864,346.1708835467833
2003-04-01,346.06189630677613,346.0238495267449,346.13800375044974
2003-04-08,346.0223551992744,345.980919316779,346.0975309412184
2003-04-15,345.9834138347462,345.94292772684094,346.060968013813
2003-04-22,345.97113336525103,345.930752143958,346.0516506033349
2003-04-29,345.989852830917,345.94664785327114,346.086679663541
2003-05-06,345.99773888716453,345.9361928536404,346.1007365185918
2003-05-13,346.0143777347984,345.9316942185576,346.1299889563431
2003-05-20,346.1450891550168,346.0541103093635,346.23476247670675
2003-05-27,346.24082660606086,346.1627266140277,346.30521737906133
2003-06-03,346.3136744180788,346.2391470281925,346.36988915754614
2003-06-10,346.4310126485279,346.3331319309213,346.4860180610324
2003-06-17,346.50515409549996,346.39118140134536,346.56824749985486
2003-06-24,346.54726601412307,346.4140198031936,346.6261771803155
2003-07-01,346.56349552798514,346.4129289685628,346.62684098538534
2003-07-08,346.57857577972527,346.4103077108784,346.6338499775336
2003-07-15,346.6147863998603,346.44172685682884,346.6672019450017
2003-07-22,346.64252399475356,346.46692846216456,346.6965044697773
2003-07-29,346.7019547382064,346.5287703284861,346.77596940920563
2003-08-05,346.77714294025725,346.61692059428105,346.8428943566823
2003-08-12,346.8726713061747,346.72805019414625,346.9481997144176
2003-08-19,346.93257308712924,346.7794914942249,347.02293273905076
2003-08-26,346.9930858352138,346.8385238772902,347.09334783572245
2003-09-02,347.0844027716438,346.9393486883124,347.19617386006144
2003-09-09,347.160653262796,347.00652016621797,347.2691442994232
2003-09-16,347.2102597846452,347.06263547613673,347.30985754460977
2003-09-23,347.3484600866215,347.1883001104352,347.44006120221957
2003-09-30,347.4838963217549,347.33765890763095,347.60726222994333
2003-10-07,347.5916137953307,347.44783064716165,347.7128842840087
2003-10-14,347.7202054584061,347.54345050248855,347.81925454055096
2003-10-21,347.77796729878236,347.6130830291455,347.8840517766272
2003-10-28,347.7856592752973,347.6501959808489,347.8953811649901
2003-11-04,347.75961918866176,347.64289971214595,347.8662245227018
2003-11-11,347.85725669757215,347.74060548978207,347.96279795630085
2003-11-18,347.9443038776039,347.8200604979439,348.03501272269676
2003-11-25,347.9662052681859,347.82559541131104,348.0508351930905
2003-12-02,347.94596049012296,347.790758233287,348.02056139433637
2003-12-09,347.9265314496445,347.78910831634755,348.00280652067204
2003-12-16,347.88513740740876,347.73936560733125,347.9528956546473
2003-12-23,347.8235986777929,347.6743151778653,347.8844589042179
2003-12-30,347.74880567783333,347.6117379673532,347.8046306173294
2004-01-06,347.6654300250406,347.5345742928798,347.71470592157635
2004-01-13,347.576752503793,347.44591017538835,347.6197946782732
2004-01-20,347.48512580433936,347.35390316950145,347.52484007308595
2004-01-27,347.39225988258147,347.2575916090624,347.42855327749794
2004-02-03,347.2994072954717,347.1674777709447,347.3313894080129
2004-02-10,347.2074880942221,347.08911081405705,347.23762258926
2004-02-17,347.11717647117445,347.00964636820106,347.1455809234566
2004-02-24,347.03726988878014,346.9340171669793,347.0647319264559
2004-03-02,346.96323635509793,346.87013420840714,346.98835184640126
2004-03-09,346.8893606450718,346.79510400657364,346.91358743918005
2004-03-16,346.8172111302104,346.7254098362864,346.8413857523447
2004-03-23,346.7460429384548,346.65128728661153,346.77004416763043
2004-03-30,346.6759846970684,346.5874049242866,346.7019753213584
2004-04-06,346.60726664977204,346.51979087207803,346.63381763518396
2004-04-13,346.53989610090116,346.45386551056265,346.56560791191737
2004-04-20,346.48312787414693,346.39247129099215,346.5045588629524
2004-04-27,346.45466195975126,346.3495531730404,346.48242725366373
2004-05-04,346.44459644749037,346.3188902771496,346.4766014343734
2004-05-11,346.6863433583754,346.51271619199196,346.71964421355005
2004-05-18,346.8641943911523,346.6875955183445,346.92471206478314
2004-05-25,346.98104861113364,346.81180155017915,347.0593254021414
2004-06-01,347.03578343445935,346.8852965265586,347.1487927063435
2004-06-08,347.07257172028267,346.92873136892797,347.21104245598804
2004-06-15,347.097734495625,346.96953686496215,347.2469640990367
2004-06-22,347.1023237144865,346.9789455538674,347.2419584393383
2004-06-29,347.08598268811306,346.96549994557245,347.2201772393905
2004-07-06,347.1583229027926,347.04121014169834,347.29801477716126
2004-07-13,347.3581401430716,347.22512795523147,347.49879634476804
2004-07-20,347.9758598434708,347.80281720900354,348.0899118988491
2004-07-27,348.94140681310074,348.6948297221756,349.1337370695225
2004-08-03,349.4217164535429,349.2079240651065,349.5992636753253
2004-08-10,349.63008690259375,349.4237583054982,349.7868780976999
2004-08-17,349.7202755853372,349.4851352392395,349.8883804701063
2004-08-24,349.75047896190915,349.5488333185041,349.89408203122355
2004-08-31,349.74046731664555,349.5478468493166,349.87931619270364
2004-09-07,349.6800271348695,349.4916196914768,349.80148726759717
2004-09-14,349.68688024152954,349.49981795657345,349.79442904455243
2004-09-21,349.65071772978587,349.46992327335016,349.74829232898566
2004-09-28,349.7355531734703,349.56549794293073,349.85436931811483
2004-10-05,349.73603378384524,349.55254330228024,349.8465753687559
2004-10-12,349.7040285594955,349.53021809761617,349.81054585328616
2004-10-19,349.6377670206689,349.45760136093423,349.7313503259343
2004-10-26,349.5261998431381,349.34366194959387,349.6184040075848
2004-11-02,349.38788565405383,349.20723392660534,349.4831520449285
2004-11-09,349.2748582507648,349.14397138927023,349.3850291127028
2004-11-16,349.14928991185,349.0430105422704,349.2637721977289
2004-11-23,349.008519744387,348.91641508851524,349.1307302504214
2004-11-30,348.85884518114347,348.7628833850209,348.9955942097197
2004-12-07,348.70493327375425,348.62506878179056,348.85058886288925
2004-12-14,348.5508820989514,348.477254893043,348.69783786852247
2004-12-21,348.3982704872367,348.3275727298209,348.5577181932564
2004-12-28,348.24795852776276,348.1820097743093,348.4061303079695
2005-01-04,348.10107856601564,348.03962923728113,348.2585838575062
2005-01-11,347.9583958700855,347.89240184259955,348.1185436836344
2005-01-18,347.82040212359334,347.7597491715819,347.9751308286966
2005-01-25,347.6874250553366,347.6365043175505,347.8350052231301
2005-02-01,347.55965935372365,347.5167551448801,347.6994875765305
2005-02-08,347.43714424072857,347.3957335540654,347.57495850523685
2005-02-15,347.3199263379986,347.270039829961,347.4486584285378
2005-02-22,347.20791754199945,347.15512454494956,347.3345047295791
2005-03-01,347.1009254878374,347.0467758888838,347.2191079473467
2005-03-08,346.99883382423457,346.9498368205453,347.11690480274456
2005-03-15,346.9015109100381,346.85342488773574,347.01764784575204
2005-03-22,346.80883591895434,346.7579493013972,346.9231260013596
2005-03-29,346.72057598047934,346.6694705976268,346.8263716285146
2005-04-05,346.640299681505,346.595885398863,346.74409116122973
2005-04-12,346.5768964430159,346.5296818637014,346.671709561419
2005-04-19,346.5139789221549,346.4666740925413,346.60383361894384
2005-04-26,346.45195185679836,346.39803732143776,346.53541587820575
2005-05-03,346.3925916818578,346.3400786623927,346.4777468902227
2005-05-10,346.33659614503756,346.27997830303906,346.4254271636537
2005-05-17,346.2913265049277,346.2334498184906,346.38572866233875
2005-05-24,346.32013268237887,346.2541988524291,346.49689557022737
2005-05-31,346.95317558231187,346.61547668021944,347.0757879842294
2005-06-07,347.35683345734174,347.0524969704051,347.4231883410663
2005-06-14,347.68543666675237,347.41889232726965,347.7244869054764
2005-06-21,347.8641250105708,347.6035502784638,347.90616406297363
2005-06-28,348.00751470053257,347.74311623745353,348.0372356757097
2005-07-05,348.06709387192655,347.8151328827614,348.09450846772665
2005-07-12,348.0508274402392,347.78713398614883,348.08211830094257
2005-07-19,347.99905860822605,347.7360450491939,348.04175936071766
2005-07-26,347.93923122173067,347.6711257776809,347.98251140299624
2005-08-02,347.9446618015788,347.68740302422583,347.98210271209496
2005-08-09,347.95875321533475,347.7204603098045,347.99751307031426
2005-08-16,348.00083263608906,347.77910827736207,348.04091979899437
2005-08-23,348.0466875078943,347.8267506343907,348.1091698220661
2005-08-30,348.2115854391547,347.9692814314842,348.27953387242957
2005-09-06,348.33768333999234,348.1321501467945,348.4075126018762
2005-09-13,348.4389985767953,348.2268919160339,348.5108553579421
2005-09-20,348.51670335207893,348.3162358764884,348.599698742484
2005-09-27,348.52083927860826,348.3415561828766,348.5944116442563
2005-10-04,348.49166995887686,348.32376547932137,348.5662565092847
2005-10-11,348.4352889611861,348.2771519370855,348.5070050262067
2005-10-18,348.39789902081566,348.2500884336489,348.4651306431312
2005-10-25,348.348799400847,348.2139353077061,348.40913042813264
2005-11-01,348.2975433196999,348.16178780952663,348.35795133204374
2005-11-08,348.24856679091056,348.1146975581273,348.3135623714413
2005-11-15,348.1759772900887,348.05999798745444,348.2530130293287
2005-11-22,348.0878037383384,347.9797945016094,348.164650314047
2005-11-29,347.9961543245566,347.90656072175625,348.0873748132599
2005-12-06,347.8976577960667,347.8137459594827,347.9981395621144
2005-12-13,347.794601009161,347.71640168002364,347.90714981261027
2005-12-20,347.6893744216717,347.61591519817716,347.80999612280107
2005-12-27,347.58368350752414,347.51907390003316,347.70416000851117
2006-01-03,347.4787593445087,347.4173356333289,347.5951148647713
2006-01-10,347.3762704366398,347.31837300721236,347.4933513774705
2006-01-17,347.28134322506014,347.2301500518806,347.3934075119104
2006-01-24,347.1932107837376,347.14959933522135,347.29970764995403
2006-01-31,347.11132721110175,347.0711381452085,347.21773966713033
2006-02-07,347.03158122282133,346.991488617414,347.13279065072595
2006-02-14,346.9525425165068,346.90947403995733,347.04691318014795
2006-02-21,346.87482445118405,346.8274321790702,346.96242734670693
2006-02-28,346.7993167655125,346.7520132843497,346.8873858592073
2006-03-07,346.72582611776346,346.6804016867739,346.8159820727103
2006-03-14,346.6545087673977,346.6059718340184,346.74429604101726
2006-03-21,346.58572470235464,346.53549079193454,346.67673379211607
2006-03-28,346.5194962001605,346.4716360563125,346.60831800554627
2006-04-04,346.4553249331229,346.406697057935,346.54478843214645
2006-04-11,346.39320461816783,346.3438399162914,346.4829398301397
2006-04-18,346.33308815228395,346.2815184455384,346.4209590403665
2006-04-25,346.2781864343111,346.22262506430405,346.36447081787185
2006-05-02,346.3421847178142,346.257034642352,346.4087342078171
2006-05-09,346.55782518939856,346.42298234977136,346.6143991737359
2006-05-16,346.68509247692486,346.5659646585923,346.7519671181314
2006-05-23,346.78029564126433,346.6663391822709,346.8642213308303
2006-05-30,346.854786647018,346.73683524971426,346.94783274528174
2006-06-06,346.91685684693033,346.80807776868323,347.01895961244895
2006-06-13,346.96937085947314,346.86475883243054,347.07426598652285
2006-06-20,346.99071027307514,346.88617266160725,347.0912240797765
2006-06-27,347.08455875844965,346.95306518606935,347.1818418128703
2006-07-04,347.1712310620786,347.0326139088246,347.27734206685693
2006-07-11,347.2509455363123,347.10638122343414,347.34913319110996
2006-07-18,347.40300737684595,347.2347285743985,347.49484880712174
2006-07-25,347.4858628046968,347.3023569604721,347.5857079164323
2006-08-01,347.5085494112649,347.33402140435146,347.6091310356974
2006-08-08,347.4941777076651,347.3116524308773,347.5791565468532
2006-08-15,347.46467732251494,347.2883352666902,347.5466622169554
2006-08-22,347.43696064961824,347.2604464538626,347.5111598123707
2006-08-29,347.3965626258039,347.2205865261002,347.4700897028313
2006-09-05,347.3514709512333,347.18625768970577,347.4272442031934
2006-09-12,347.36004222505517,347.17992291401185,347.4235988306664
2006-09-19,347.3585113843503,347.1688050161605,347.4157147843008
2006-09-26,347.43462245946176,347.22692230067145,347.44488613915684
2006-10-03,347.5129825276641,347.28914838209045,347.51295774448283
2006-10-10,347.5689674517869,347.33235008877,347.5655656802445
2006-10-17,347.63931080228764,347.40193466187304,347.6386105350414
2006-10-24,347.6904927724528,347.44256830185583,347.7021572914837
2006-10-31,347.69447041479407,347.4499786658321,347.71764463307153
2006-11-07,347.6675590486017,347.423099869133,347.6992511873819
2006-11-14,347.6198921845202,347.3859948474329,347.6665760850892
2006-11-21,347.55820571482207,347.33338016534583,347.6070476914201
2006-11-28,347.4890684305492,347.27698897599123,347.54354096697307
2006-12-05,347.4226874062589,347.23045822417237,347.4818282810692
2006-12-12,347.34969912513225,347.1747567017337,347.4074597738362
2006-12-19,347.27270704873723,347.1073170242401,347.32357894266545
2006-12-26,347.2063275127652,347.0576879199079,347.2488901276637
2007-01-02,347.1400713523772,347.0073639640631,347.1769895634535
2007-01-09,347.0705500267832,346.9437076805322,347.1085148993067
2007-01-16,346.99930403154406,346.88026187528135,347.03955805157705
2007-01-23,346.92743747632227,346.815675006266,346.96876240333194
2007-01-30,346.85576649679456,346.75131772399413,346.89850208481016
2007-02-06,346.7848991758439,346.68960423619654,346.8315138057819
2007-02-13,346.7152881028884,346.6236054121307,346.76154548197496
2007-02-20,346.64726746502083,346.5601118316075,346.68803050013366
2007-02-27,346.58108018816057,346.4983591994898,346.62119971880145
2007-03-06,346.5168982631503,346.43602446123623,346.5580795053096
2007-03-13,346.45482915572114,346.37641579296377,346.49744577490276
2007-03-20,346.39467374188473,346.31717304312485,346.43710912643104
2007-03-27,346.33664287271364,346.26473710649,346.3763461288562
2007-04-03,346.2928713449146,346.22517149159364,346.3316116580727
2007-04-10,346.24945048626984,346.18575598192626,346.28568722966986
2007-04-17,346.2145841591649,346.14695280930613,346.25607712681307
2007-04-24,346.1991349135964,346.1319399702726,346.24101931899054
2007-05-01,346.18594722357864,346.1136505401697,346.2378447938856
2007-05-08,346.16833500850436,346.0781831390004,346.22869390874155
2007-05-15,346.14815364852745,346.0512980577464,346.220985424431
2007-05-22,346.2967061743325,346.17338054592693,346.4406027129131
2007-05-29,347.14006209168883,346.9442851237825,347.2996668936507
2007-06-05,347.58280363091,347.39193257972465,347.7414016698484
2007-06-12,347.7820941344911,347.6096240568362,347.9260262092956
2007-06-19,347.9117503025774,347.73207149611864,348.0592802344391
2007-06-26,347.9992072520272,347.8215241973734,348.14074512122306
2007-07-03,348.0123838504775,347.8403530303127,348.14611104164806
2007-07-10,347.9886381334511,347.81928655726705,348.1160225392687
2007-07-17,347.9796421918026,347.81773460315884,348.0889777662659
2007-07-24,347.93746891513297,347.7712544694663,348.03344084097284
2007-07-31,347.9317549647022,347.7810217908748,348.01510098957726
2007-08-07,348.0198040110124,347.88655058082963,348.12272539067936
2007-08-14,348.04666895124336,347.8949233390141,348.15899583719005
2007-08-21,348.0573169920654,347.9013825063361,348.1716995361594
2007-08-28,348.0469138773173,347.8920471016021,348.16765055080066
2007-09-04,348.0205063927505,347.8771068449662,348.14073342954214
2007-09-11,347.96608878156667,347.82973933851684,348.0848441693052
2007-09-18,347.9393070666228,347.80162139180646,348.0481089518872
2007-09-25,347.97907464365085,347.8448652623006,348.0766480791999
2007-10-02,347.96903019656105,347.83116569572917,348.06787645350647
2007-10-09,347.927298773432,347.78436831529507,348.01576655905035
2007-10-16,347.8701572770509,347.73205290031854,347.9577162740142
2007-10-23,347.81788877520785,347.6879102481431,347.89496348747775
2007-10-30,347.7602270190063,347.6322059592953,347.83660687230184
2007-11-06,347.6938942853146,347.5670418722976,347.76436473007584
2007-11-13,347.61736546467523,347.49003090998883,347.68369672017155
2007-11-20,347.5343946718731,347.41284499775725,347.60162822059056
2007-11-27,347.46751868019334,347.3606306821389,347.5377266240407
2007-12-04,347.3960180738696,347.2908318610765,347.46880904347125
2007-12-11,347.31950322355345,347.22243241861077,347.3953555610606
2007-12-18,347.2805437995603,347.18807891399507,347.3511228615201
2007-12-25,347.3309357738845,347.23967452830965,347.4089358487873
2008-01-01,347.35085118850384,347.2671700901425,347.43018781658844
2008-01-08,347.34059543143354,347.2497699619961,347.4273432057424
2008-01-15,347.30981324187286,347.2183574226048,347.40203080075406
2008-01-22,347.26485684314287,347.17420135378353,347.3609464593022
2008-01-29,347.21013091406604,347.1156768345856,347.29819799654763
2008-02-05,347.1487838114881,347.0559149296243,347.23811974338423
2008-02-12,347.0832020703453,346.9924086632443,347.17259796134294
2008-02-19,347.0296794165191,346.9372048782501,347.1210383996147
2008-02-26,346.97101961897295,346.8866748150538,347.0667104495357
2008-03-04,346.90930591169274,346.8236217103726,347.0099435321418
2008-03-11,346.8458780917284,346.761066870984,346.94061765997674
2008-03-18,346.7814511169825,346.696170124471,346.87502697043067
2008-03-25,346.7164987244626,346.6340679750735,346.80274076293233
2008-04-01,346.65163578466047,346.57326034679977,346.73496441509985
2008-04-08,346.59687776261393,346.5288053148013,346.6847611486272
2008-04-15,346.5407932581419,346.4766107490306,346.6313893996296
2008-04-22,346.4840464838551,346.42421908985807,346.57131366307925
2008-04-29,346.4277658739964,346.3675749582988,346.5185396263294
2008-05-06,346.46552040695474,346.4204534690623,346.565245129022
2008-05-13,346.56558886094206,346.4741747224418,346.6863237516844
2008-05-20,346.63362546320826,346.49060625752946,346.76809082669075
2008-05-27,346.7074285796756,346.57320978311157,346.82506141760143
2008-06-03,346.75677556042257,346.6201417277034,346.8563759460203
2008-06-10,346.76772227465517,346.6496736258004,346.8569403866943
2008-06-17,346.77665395738177,346.6552329782141,346.87065677962437
2008-06-24,346.8077808344408,346.6695141769767,346.8908991867913
2008-07-01,347.0872862257095,346.9278651825181,347.15259226237106
2008-07-08,347.26952231643435,347.09638207567775,347.31565211955734
2008-07-15,347.35452147531805,347.1712783453278,347.3920185241951
2008-07-22,347.4439128348125,347.2514567381868,347.4693459789819
2008-07-29,347.58149995170686,347.37782397697663,347.60094458483854
2008-08-05,347.6284374636342,347.4142310846516,347.64346240499765
2008-08-12,347.6207354903104,347.4114029556381,347.6416526701318
2008-08-19,347.61415202043906,347.40699656287484,347.63948906821236
2008-08-26,347.59965713226245,347.3864681658869,347.62349934043056
2008-09-02,347.5758856090461,347.3657208602057,347.59911937318776
2008-09-09,347.5568431958614,347.3405039105819,347.57310295257804
2008-09-16,347.51935943327317,347.31561429002875,347.54323687912824
2008-09-23,347.46410238274865,347.27057498449733,347.4846443431368
2008-09-30,347.42676627329735,347.2408166190245,347.44705255438737
2008-10-07,347.3922716675228,347.2180792934323,347.40391409941907
2008-10-14,347.36698149921875,347.19808430875764,347.36880742511676
2008-10-21,347.32655287142825,347.15962808577007,347.320587987379
2008-10-28,347.28809723403333,347.12595165397784,347.27580714577124
2008-11-04,347.23719507676014,347.071012810646,347.2231983090014
2008-11-11,347.17811535331816,347.0152243813227,347.1662482013616
2008-11-18,347.11372046048314,346.95346557884125,347.10385751550666
2008-11-25,347.0460462675199,346.88223389386707,347.0388338943234
2008-12-02,346.9765487593081,346.8168272648736,346.96957603200264
2008-12-09,346.90631225082404,346.7524596522843,346.89995903440223
2008-12-16,346.8361539543057,346.6829409870033,346.831381475585
2008-12-23,346.7666843767006,346.6189602423196,346.75992381873857
2008-12-30,346.698362422908,346.55546885657407,346.6908522461929
2009-01-06,346.6315291672069,346.5024941231499,346.62858788220626
2009-01-13,346.56643498487796,346.4454483480096,346.56518110344985
2009-01-20,346.503259343394,346.38557057544926,346.50626432505095
2009-01-27,346.44212191807884,346.3328014709461,346.4504284434406
2009-02-03,346.3830922577762,346.28181906748057,346.3917520880274
2009-02-10,346.32620618889814,346.22887613571316,346.3384358724177
2009-02-17,346.27146880578397,346.1830681976178,346.28525084411064
2009-02-24,346.2188602509284,346.13124720709675,346.23731326545555
2009-03-03,346.168278496729,346.081362002676,346.1929764811121
2009-03-10,346.11970690483815,346.0360918616449,346.151642994311
2009-03-17,346.07304438133986,345.99059656848686,346.10923730629696
2009-03-24,346.02816488459604,345.94812086573575,346.064477501606
2009-03-31,345.98506419645423,345.90712866205376,346.0203343662488
2009-04-07,345.943731125491,345.8653070569448,345.97884470770543
2009-04-14,345.90417801579633,345.82418681756195,345.93842378244517
2009-04-21,345.8664257475447,345.7890569954341,345.90050530745793
2009-04-28,345.83182330234683,345.7546257352373,345.86777353509353
2009-05-05,345.8489951500327,345.7612632247304,345.8881231728483
2009-05-12,346.0018732665264,345.82841854547564,346.06317168033036
2009-05-19,346.2381426463993,346.01353573488103,346.28251370149167
2009-05-26,346.3828568172777,346.195299496652,346.4304399020604
2009-06-02,346.64614782078667,346.47701890793036,346.7388199915639
2009-06-09,346.82484678325693,346.6596504030807,346.93107246662674
2009-06-16,346.9605592921872,346.80349342532236,347.0742032913694
2009-06-23,347.1031674672209,346.96182690562614,347.2338880341169
2009-06-30,347.15987374951555,347.01802090345564,347.2954178954276
2009-07-07,347.16903697826586,347.0304480516836,347.29290945648927
2009-07-14,347.16481392094573,347.0269163693372,347.2833567668283
2009-07-21,347.14655979109233,347.0201839398376,347.2460613585202
2009-07-28,347.11908657102293,346.9965579247689,347.2064293841523
2009-08-04,347.0971163387988,346.9745680896152,347.1676296789133
2009-08-11,347.07158153048414,346.9539752614026,347.14316235960325
2009-08-18,347.15376639519576,347.01721728349315,347.22835005838687
2009-08-25,347.20326492439904,347.06109104191427,347.25806813993034
2009-09-01,347.21679467079554,347.0675647844106,347.2627911277542
2009-09-08,347.2378328709352,347.09189235235135,347.28841737944674
2009-09-15,347.25138062482466,347.10544150497765,347.3033012289474
2009-09-22,347.2487776004165,347.1034389519812,347.3015188140791
2009-09-29,347.2327602405406,347.08668589268893,347.2992338001862
2009-10-06,347.2042703684874,347.0609082965633,347.26977101583304
2009-10-13,347.16222579640225,347.01849845472935,347.22742589958176
2009-10-20,347.1155644168406,346.9756330356318,347.1899632369284
2009-10-27,347.0661868503211,346.93062267950825,347.14242092344256
2009-11-03,347.01054278558286,346.8738557667358,347.1030754176311
2009-11-10,346.95079851364903,346.8219112507677,347.04474114263724
2009-11-17,346.88852422253035,346.77282703064355,346.9779871010797
2009-11-24,346.8248929783854,346.71486993300937,346.9133051792958
2009-12-01,346.76079044603847,346.6556545978533,346.84838005941197
2009-12-08,346.6968881059404,346.59403593112893,346.77930682407776
2009-12-15,346.63369492913034,346.5318770644175,346.7114060400341
2009-12-22,346.5715949762139,346.47354778729795,346.6479538672821
2009-12-29,346.51087534204083,346.41930838758356,346.5891383747937
2010-01-05,346.45174727191335,346.3623990499764,346.52733930925194
2010-01-12,346.3957658190646,346.31276237025656,346.4717442578562
2010-01-19,346.3448347622144,346.26710043046813,346.4219547163176
2010-01-26,346.2949419262573,346.2225614505986,346.3685876584035
2010-02-02,346.2463124492196,346.17738062629496,346.3182697619288
2010-02-09,346.19907952543525,346.1300728780961,346.269528781446
2010-02-16,346.15333042110024,346.0880952147114,346.21829663971454
2010-02-23,346.1091203221477,346.046578746817,346.1728884974575
2010-03-02,346.0664801992096,346.0051477193648,346.12928808850086
2010-03-09,346.0253399040761,345.96358573832396,346.0853515771561
2010-03-16,345.9855224788928,345.92619391353304,346.04115465367795
2010-03-23,345.9470081292731,345.88585777588753,345.99976806414634
2010-03-30,345.90979840151743,345.8485417891641,345.9607222018319
2010-04-06,345.8738815388003,345.81075706543083,345.9260926464876
2010-04-13,345.8393336648939,345.77649300349043,345.88571708937786
2010-04-20,345.8070094481441,345.7451752498489,345.85685174018613
2010-04-27,345.7754146351549,345.7104740824503,345.8240791823117
2010-05-04,345.7446430018117,345.68166600998507,345.79377361965095
2010-05-11,345.71473883017455,345.65094442539146,345.7661417056054
2010-05-18,345.7063926007181,345.64596926332183,345.76991837107744
2010-05-25,345.7285960178274,345.6717488905253,345.79971315039177
2010-06-01,345.79397263403615,345.7289894067817,345.8728634214891
2010-06-08,345.8450225913664,345.7713420259647,345.93019691631747
2010-06-15,345.88461557807534,345.7873944437707,345.9736669509561
2010-06-22,345.9510509685712,345.85298464214463,346.0356986988638
2010-06-29,346.0480996657137,345.9503598410364,346.130447401828
2010-07-06,346.1342558306434,346.0334372555962,346.22554006463344
2010-07-13,346.22078432448416,346.1209964530316,346.30287972348196
2010-07-20,346.3512736726511,346.24651722115664,346.42513022817
2010-07-27,346.48755055382895,346.37522508110794,346.57106453147867
2010-08-03,346.5980312913154,346.4708473603565,346.6826723072152
2010-08-10,346.6726410529714,346.5386166460807,346.7503645248514
2010-08-17,346.718673579617,346.5843863813483,346.78930381942723
2010-08-24,346.7510244560256,346.6154547369611,346.81755798900474
2010-08-31,346.7596637919861,346.6234343075192,346.81855623178006
2010-09-07,346.7627268037964,346.63575083046743,346.82594359491463
2010-09-14,346.7513333961101,346.6273841215228,346.8168734798656
2010-09-21,346.784883832705,346.65193509019446,346.829491640893
2010-09-28,346.8052150818909,346.66206253708134,346.84764731081265
2010-10-05,346.8062867292086,346.66744253532545,346.84387644945997
2010-10-12,346.8185073457206,346.6823874218562,346.8622843165527
2010-10-19,346.8380707183383,346.7027036636058,346.8807940895239
2010-10-26,346.8624846134674,346.724785232228,346.8996831322324
2010-11-02,346.8633656268795,346.7114910047599,346.9070353341982
2010-11-09,346.84778157302577,346.6964840993565,346.8916343235593
2010-11-16,346.8204044047546,346.67652173148184,346.86250611679054
2010-11-23,346.7845613185917,346.6512651662945,346.8234068492126
2010-11-30,346.7426934440142,346.61133401421483,346.7813435871022
2010-12-07,346.69662642296873,346.56733437906286,346.73498949645204
2010-12-14,346.64774411563764,346.520633964893,346.6854784739149
2010-12-21,346.59710552842506,346.4783582703542,346.63368822189256
2010-12-28,346.5455262044962,346.4305601346647,346.58151386685057
2011-01-04,346.4936363818289,346.38485154347575,346.52568408098796
2011-01-11,346.4419234549842,346.34134888564,346.47612196761094
2011-01-18,346.3907635455631,346.29865218320776,346.4229302614979
2011-01-25,346.3404453436686,346.2553286517822,346.37093154820576
2011-02-01,346.2911883571585,346.2103445025509,346.31992009871607
2011-02-08,346.24315704547763,346.1660508040045,346.27587015813333
2011-02-15,346.19647187906247,346.1230245724107,346.23249433365083
2011-02-22,346.15121611367323,346.0839464333561,346.18620769474296
2011-03-01,346.107383683779,346.0427215109395,346.13964832714163
2011-03-08,346.06488482624565,345.9989944358655,346.09939015506995
2011-03-15,346.0237020300373,345.9580236755471,346.05968793045
2011-03-22,345.98384015659644,345.91599456855295,346.0180542629668
2011-03-29,345.9452708355295,345.87996436660427,345.97867730968596
2011-04-05,345.90825149309126,345.84047466911073,345.94000704486484
2011-04-12,345.87286367403334,345.8036460686368,345.9066629626033
2011-04-19,345.83926846862994,345.7686407376328,345.87550624282517
2011-04-26,345.8112539442669,345.7436615207,345.84916712204404
2011-05-03,345.7977922795135,345.73458263283476,345.8411992596723
2011-05-10,345.7871076337721,345.721132811473,345.82757623557063
2011-05-17,345.95758014124897,345.839486167702,346.0331346536202
2011-05-24,346.3227171292763,346.1120355167924,346.4512215589474
2011-05-31,346.6398117501838,346.5132078984296,346.7812151068089
2011-06-07,346.82576324103945,346.7277779522683,346.97612342253535
2011-06-14,346.9479182695859,346.86848102283955,347.11768853836725
2011-06-21,347.00973888781573,346.9326093852237,347.18344031816474
2011-06-28,347.3654855333244,347.254012645656,347.50523278709875
2011-07-05,347.5715104404322,347.4270572419784,347.7000645528347
2011-07-12,347.69647889608837,347.5355227022392,347.8074964510701
2011-07-19,347.820507100693,347.6736144801631,347.90560423567604
2011-07-26,347.9434819039755,347.8084207489198,348.01343734546856
2011-08-02,348.081922517751,347.9276663690584,348.1703499920799
2011-08-09,348.11498279171053,347.97261021397765,348.21002757310146
2011-08-16,348.10710256818885,347.96565358430126,348.2090263736294
2011-08-23,348.0704670754135,347.92520983894445,348.1621487461606
2011-08-30,348.08419513989816,347.94028956505406,348.17402079991257
2011-09-06,348.1417104874682,348.0078620615335,348.24367697671653
2011-09-13,348.17883600414564,348.0501035091849,348.28134411222925
2011-09-20,348.30626474313584,348.1733128816013,348.4048526991853
2011-09-27,348.3663939584242,348.2390195852994,348.4693852554249
2011-10-04,348.3844255740035,348.2472488148424,348.4904814489148
2011-10-11,348.4551309136225,348.32126098845833,348.5568263865931
2011-10-18,348.4794998480752,348.3462535057264,348.5903347834628
2011-10-25,348.4694460640815,348.3528269430841,348.5967091370321
2011-11-01,348.4408518239478,348.33731523680717,348.5760536833428
2011-11-08,348.4551203113106,348.353559466574,348.5799186665938
2011-11-15,348.47129161639737,348.3724544064523,348.5918244324641
2011-11-22,348.53602287047016,348.422533528749,348.6665361108253
2011-11-29,348.5398604121458,348.42810381298983,348.6547947842155
2011-12-06,348.4961977626458,348.3807664853335,348.6142050330423
2011-12-13,348.4225584746018,348.31360604986367,348.537821277348
2011-12-20,348.32978453129334,348.21946401751995,348.4372993178243
2011-12-27,348.2249704053543,348.1236730902514,348.3286456644966
2012-01-03,348.1129298287329,348.0108922035122,348.21272543379587
2012-01-10,347.997011773878,347.8992536873467,348.09289433476
2012-01-17,347.87958590054046,347.791330837745,347.9717239650573
2012-01-24,347.7623462056661,347.6777426762227,347.8515360110491
2012-01-31,347.6465086901605,347.56776490642096,347.73549225400035
2012-02-07,347.5329443209509,347.46270275554605,347.6207805170353
2012-02-14,347.4222709550106,347.3481788655791,347.50654961808374
2012-02-21,347.3149183833932,347.2451308891383,347.3999019265444
2012-02-28,347.21117527494675,347.1477815408024,347.29178905224813
2012-03-06,347.11122017944393,347.0549936538885,347.19220634313433
2012-03-13,347.0149208664286,346.95320690949774,347.0943851481194
2012-03-20,346.92206133960514,346.85671541548777,346.9974182031775
2012-03-27,346.83280508753046,346.76487913701175,346.9069781252191
2012-04-03,346.75283734526,346.68531407006776,346.8201222566187
2012-04-10,346.6752881746914,346.615178585367,346.74170728414913
2012-04-17,346.60014212824495,346.5464511016677,346.6620865295432
2012-04-24,346.52745041966944,346.47533870948905,346.5835764869828
2012-05-01,346.4626204315288,346.40930381076987,346.512717806492
2012-05-08,346.40291270913724,346.34974624562494,346.4518088613551
2012-05-15,346.36056146063936,346.3011426361575,346.40852538005925
2012-05-22,346.8369613342834,346.6691572845147,346.90754183981824
2012-05-29,347.21743388569183,347.07415286452584,347.3143121538241
2012-06-05,347.4347289773529,347.2909204178067,347.57075132544105
2012-06-12,347.5399300465835,347.387293760195,347.6804296038023
2012-06-19,347.6632949250454,347.48046901176167,347.7956439365973
2012-06-26,347.79275275178554,347.62106180529736,347.94406902263927
2012-07-03,347.8432378178399,347.6868644318696,347.97907400941233
2012-07-10,347.8486043314997,347.6896774505802,347.974400607164
2012-07-17,348.2431042214441,348.0991640958032,348.36018329590024
2012-07-24,348.7237502393189,348.55768600091153,348.82307210674855
2012-07-31,348.94138644503283,348.7588499689303,349.05599014148873
2012-08-07,349.0777019052437,348.91116759532906,349.1661291151615
2012-08-14,349.1290843980764,348.9689221976893,349.2238445183814
2012-08-21,349.1105272727539,348.9540066428167,349.19684790014026
2012-08-28,349.0910488516992,348.9456322448695,349.1760234489526
2012-09-04,349.10150984352936,348.95266982688287,349.18647512525956
2012-09-11,349.0751771612375,348.9216028790114,349.1481365986191
2012-09-18,349.0954844691806,348.94624653140886,349.1721233196471
2012-09-25,349.13610453763994,348.96335013270965,349.21065174550665
2012-10-02,349.1076383757289,348.93287275008345,349.18147095732684
2012-10-09,349.19242992401905,349.017521052656,349.2502871845826
2012-10-16,349.309168666556,349.1251452262995,349.3800894541347
2012-10-23,349.31549837913,349.1342721587453,349.40042450058854
2012-10-30,349.25644049083877,349.07669057167016,349.334148688958
2012-11-06,349.15795179122256,348.9794002421884,349.2394581858965
2012-11-13,349.03535456624155,348.8653856533297,349.12101803661216
2012-11-20,348.89828325176313,348.7402313149521,348.9803707929167
2012-11-27,348.75305913684497,348.60091690625666,348.8335358366958
2012-12-04,348.60395305332014,348.459748362325,348.6835013336747
2012-12-11,348.45390713825253,348.3191138587779,348.5329986981212
2012-12-18,348.30497105912633,348.1766582572617,348.38297679967627
2012-12-25,348.1585777216454,348.038205393747,348.23372201536836
2013-01-01,348.0157240406869,347.89244922578905,348.08382097541613
2013-01-08,347.87709314676744,347.7624244863283,347.9418883305349
2013-01-15,347.74313915711167,347.63509052828175,347.80715388619626
2013-01-22,347.6141472772475,347.51317093099635,347.67331002924357
2013-01-29,347.49027721155915,347.3903783299191,347.5427189891059
2013-02-05,347.371595018339,347.2741957644745,347.42103585304056
2013-02-12,347.2580968018108,347.1630572304411,347.302123245506
2013-02-19,347.1497265342446,347.0583288938655,347.19297104019097
2013-02-26,347.0463721923372,346.96068135639143,347.09365268514364
2013-03-05,346.94774636347927,346.86927740464694,346.9971436512146
2013-03-12,346.85376674861163,346.7779925889884,346.9063264102651
2013-03-19,346.7642489337326,346.6894885871502,346.8151749054035
2013-03-26,346.6789736681704,346.603636792614,346.7302109074985
2013-04-02,346.5977248059925,346.52050888379085,346.64716173271813
2013-04-09,346.5202821303872,346.4443968270926,346.56685386580955
2013-04-16,346.44640772273885,346.37204554598225,346.49055780893235
2013-04-23,346.40481444159195,346.3324978747621,346.45140176914197
2013-04-30,346.37685248404006,346.3067868775344,346.4315264332048
2013-05-07,346.34718104175414,346.26726920991825,346.4025932918163
2013-05-14,346.42119709378386,346.29743276451495,346.5098643076516
2013-05-21,346.7011525117288,346.57500794276285,346.7940436058613
2013-05-28,346.8678450591445,346.7305418876434,346.9482834844519
2013-06-04,346.9494979841066,346.7865186814163,347.0421786478441
2013-06-11,347.02183736311395,346.85568850591903,347.1164330898678
2013-06-18,347.0924201490081,346.91335425105785,347.17985356283623
2013-06-25,347.15739820345993,346.9670179053579,347.23485713904154
2013-07-02,347.20300685501564,347.0030913938415,347.2866991764478
2013-07-09,347.43911850614705,347.2567148076331,347.54758058769454
2013-07-16,347.6813322148696,347.50666971967115,347.8121333449124
2013-07-23,347.9487827436947,347.78589571693914,348.11935262054965
2013-07-30,348.08638093586916,347.9184182740817,348.267409756918
2013-08-06,348.1823654228822,348.0176922760648,348.3692203000036
2013-08-13,348.2792248545722,348.1329899728587,348.45831693145544
2013-08-20,348.30985752811944,348.1780301246448,348.4692502459397
2013-08-27,348.33675670178576,348.22318597972543,348.4786616929681
2013-09-03,348.3121885963193,348.20515344727033,348.4654328377281
2013-09-10,348.2519848068363,348.14268514840546,348.3894269286678
2013-09-17,348.18388084940733,348.06739489469254,348.3014312607982
2013-09-24,348.16163238152166,348.0348961757553,348.27387999533937
2013-10-01,348.1945517437669,348.06425456678204,348.28257350365095
2013-10-08,348.20259638486624,348.05258783399387,348.2803291664194
2013-10-15,348.26705974676963,348.1071233815797,348.34159316638124
2013-10-22,348.3073883615982,348.1426591269793,348.3887615923593
2013-10-29,348.2914803576836,348.13061425273827,348.3839101675347
2013-11-05,348.24013864339634,348.0831739110119,348.33471467832226
2013-11-12,348.1658925722511,348.0170492772288,348.26069864536885
2013-11-19,348.0768410688831,347.9304488824107,348.1768803454908
2013-11-26,347.97844336438754,347.8443315970755,348.0753932319167
2013-12-03,347.87448708062794,347.7516085957973,347.9772878413278
2013-12-10,347.76765351748435,347.6544535217647,347.8744609409451
2013-12-17,347.700044448605,347.5937573246782,347.8014089180016
2013-12-24,347.6271580190968,347.5151597124565,347.7345455016611
2013-12-31,347.5465620333971,347.434316009316,347.6491965352838
2014-01-07,347.46134392134934,347.3458998521979,347.567106866853
2014-01-14,347.3736427545783,347.2592978643595,347.4791443823797
2014-01-21,347.2849975467061,347.1738272871985,347.3909745410873
2014-01-28,347.19653198079,347.0901854081048,347.30397033704566
2014-02-04,347.1090707063303,347.0082018722205,347.21357401795274
2014-02-11,347.02321786525357,346.92523224596175,347.1254990873621
2014-02-18,346.93941227636986,346.8455539563085,347.0383896976701
2014-02-25,346.8579672931889,346.7652255902773,346.9510899297642
2014-03-04,346.77910019462126,346.6876581780541,346.86798816160496
2014-03-11,346.7029542190548,346.6183311615698,346.78822843002484
2014-03-18,346.6295460811377,346.5448937947087,346.71079371635983
2014-03-25,346.55871730704257,346.4706954983408,346.63746473404393
2014-04-01,346.4903083963065,346.40184422763673,346.56631465512527
2014-04-08,346.4243899303028,346.34002832206806,346.49789414603595
2014-04-15,346.3609140691602,346.2766627569112,346.4358035617225
2014-04-22,346.3020945899868,346.2224424417773,346.37964024022085
2014-04-29,346.2513031449388,346.1733401517154,346.32899717848113
2014-05-06,346.2056036493014,346.1331368486647,346.276743418526
2014-05-13,346.16492551428166,346.09266592380646,346.2434303726299
2014-05-20,346.22161190081056,346.1471632230965,346.3882480655525
2014-05-27,347.4190798620808,347.20355111747006,347.6852650949185
2014-06-03,348.23157127564156,348.0682129891849,348.3897137259843
2014-06-10,348.5567380052249,348.36976411357773,348.69442227164006
2014-06-17,348.6878609860055,348.52715371762116,348.80408585284056
2014-06-24,348.73053802745187,348.5687431106438,348.8353821884926
2014-07-01,348.7091349020099,348.54606625345014,348.8165520985533
2014-07-08,348.6597137387559,348.5019149731679,348.75074060975146
2014-07-15,348.5806019855356,348.42707950047435,348.66575398092203
2014-07-22,348.52028270741863,348.37386170068504,348.61834395790794
2014-07-29,348.43499388903734,348.2808089877983,348.5250484263331
2014-08-05,348.3673433846849,348.2254978495406,348.451506241512
2014-08-12,348.3154701304459,348.18098309868736,348.41145871838444
2014-08-19,348.3052384407834,348.1729057958602,348.41600978353733
2014-08-26,348.270013852277,348.1375941695147,348.3812130204194
2014-09-02,348.2034199494894,348.0683568714539,348.3162867411015
2014-09-09,348.11634980829,347.98806874997894,348.2331833148177
2014-09-16,348.0178719448603,347.89703381926125,348.13001415989334
2014-09-23,347.9329960929592,347.8073775143972,348.0355815299888
2014-09-30,347.8918741616505,347.75760386028765,347.98792549728284
2014-10-07,347.87668300962036,347.72726992339545,347.9604901696356
2014-10-14,347.833066879482,347.673623162524,347.9083697697828
2014-10-21,347.77075566457904,347.60984237162563,347.83846484767116
2014-10-28,347.6998238256081,347.54960155649303,347.7560479663992
2014-11-04,347.63765657460465,347.48152296493515,347.6834360455098
2014-11-11,347.5647780258138,347.3996833435398,347.6011009974367
2014-11-18,347.4851775103022,347.315125664569,347.51730623130413
2014-11-25,347.4015296917469,347.23375852109064,347.4301809732152
2014-12-02,347.3157513051642,347.1509172764954,347.3452730986302
2014-12-09,347.2292422598301,347.0668348545602,347.25839594420415
2014-12-16,347.14303358375065,346.9826216463769,347.17164050581545
2014-12-23,347.05788615256824,346.90107152363845,347.08751211274387
2014-12-30,346.9743594168546,346.82069720274706,347.00059863234725
2015-01-06,346.90100936708575,346.7666039615957,346.94183099224495
2015-01-13,346.83096036568634,346.70590950301045,346.87763541344464
2015-01-20,346.761519287819,346.65266858420586,346.8206355944585
2015-01-27,346.6932165047793,346.5839131634582,346.76981549695586
2015-02-03,346.626415605474,346.5245349367094,346.7138867147373
2015-02-10,346.56137415112755,346.4651713018866,346.65429044975434
2015-02-17,346.49827271017546,346.4018839125812,346.595239245465
2015-02-24,346.4372335266211,346.34546846170065,346.5333212142133
2015-03-03,346.3783263678407,346.2953243469458,346.4730279675645
2015-03-10,346.321359150046,346.2427241656674,346.41280354067817
2015-03-17,346.2692506568527,346.1932500171707,346.3582172737216
2015-03-24,346.2208222613922,346.14217307737084,346.3065044031604
2015-03-31,346.1732667823749,346.09687545909236,346.25833115726266
2015-04-07,346.1266864574829,346.04818649451306,346.2071343994782
2015-04-14,346.083029270533,346.0010217186388,346.1666061570028
2015-04-21,346.0520130693497,345.96583176928607,346.13583042277867
2015-04-28,346.0617362029618,345.9734309661213,346.15258011600645
2015-05-05,346.0597711501421,345.96866643248666,346.15925901739854
2015-05-12,346.22482349328595,346.12098853875443,346.32021985513734
2015-05-19,346.76326507008656,346.6014875352711,346.94101915575595
2015-05-26,347.6486923310834,347.4636596165402,348.0061270889305
2015-06-02,348.879315118004,348.65126214341325,349.0932567677707
2015-06-09,349.44423871440637,349.2188027691343,349.6139070889883
2015-06-16,349.6558796529721,349.46489001082165,349.8067534670055
2015-06-23,349.69263451041627,349.5046557537489,349.8225099799141
2015-06-30,349.82761594691783,349.6458670666052,349.94978003914713
2015-07-07,349.85907878126665,349.6881584400119,349.9676698261262
2015-07-14,349.8585970364397,349.695546475901,349.9638734074159
2015-07-21,349.7760281181256,349.60797939825454,349.8684169499156
2015-07-28,349.69580411655016,349.53676295701337,349.78579179117094
2015-08-04,349.6633934903903,349.5279768113796,349.7542052028399
2015-08-11,349.59385222378324,349.44364694244166,349.680854803035
2015-08-18,349.4729650077157,349.3227503085393,349.55476460792516
2015-08-25,349.31656968830885,349.1743258270958,349.39409194091195
2015-09-01,349.14505380642356,348.9998619060689,349.21115153730614
2015-09-08,348.97550192705046,348.828607711987,349.0378154849028
2015-09-15,348.80981908215693,348.67006746886466,348.87435614668306
2015-09-22,348.6748573263949,348.5334585673837,348.73895127895247
2015-09-29,348.620070636954,348.48239113674333,348.68940090177426
2015-10-06,348.6348813946162,348.4949512268499,348.7239231074941
2015-10-13,348.6188837940625,348.4837157384926,348.71733943415165
2015-10-20,348.5738332986912,348.44754415671383,348.6804765822538
2015-10-27,348.4978400658891,348.37488871048566,348.60743365940783
2015-11-03,348.4209950498921,348.29582481882903,348.5292479727368
2015-11-10,348.3902261639639,348.2417834284197,348.4940396377258
2015-11-17,348.3262837193629,348.17205330426043,348.4159291962999
2015-11-24,348.2416886859161,348.08918711810566,348.32640580133693
2015-12-01,348.14401814961604,347.99199189796246,348.23249720809827
2015-12-08,348.0383296675195,347.88383268966237,348.11909782680834
2015-12-15,347.9281221708756,347.77574686821663,348.00071613119496
2015-12-22,347.81586823671955,347.6707762403349,347.8831684086231
2015-12-29,347.7033376403468,347.5651043588615,347.77132631821667
2016-01-05,347.59180496463,347.46328337948194,347.6615680803045
2016-01-12,347.4821881008838,347.3555673453081,347.55599620965216
2016-01-19,347.37514351289644,347.26205611363173,347.4461520819691
2016-01-26,347.27113342082663,347.15985471069445,347.3387814777874
2016-02-02,347.1704741833434,347.0624065167419,347.23667356277343
2016-02-09,347.0733717622708,346.97371100772494,347.13708375420657
2016-02-16,346.97994811374565,346.87932286699595,347.04060746489176
2016-02-23,346.89026108189876,346.79409867911227,346.94656703812325
2016-03-01,346.80431956026297,346.7122266122881,346.8577675922429
2016-03-08,346.7220832712472,346.6252125087163,346.77255139003404
2016-03-15,346.6433062939068,346.542818142546,346.693707409903
2016-03-22,346.58030737184964,346.4816835529815,346.6351207871687
2016-03-29,346.52077917055516,346.4179083508906,346.5851692174144
2016-04-05,346.47414276896683,346.3699307181366,346.5481116093688
2016-04-12,346.42565877684626,346.3130270265383,346.51135249737183
2016-04-19,346.3759613738008,346.26144885265046,346.4650698605391
2016-04-26,346.32566260503626,346.2057446989166,346.41925387798307
2016-05-03,346.334552496892,346.1874034916997,346.50644208031844
2016-05-10,346.6362466161961,346.1914192416008,346.87325066490394
2016-05-17,346.99021523101476,346.2125037578647,347.19412767383125
2016-05-24,347.1738805384909,346.32683979899844,347.3530347900497
2016-05-31,347.26142154573853,346.60374517916574,347.4889526668984
2016-06-07,347.288950589105,346.70786259500267,347.5635707302776
2016-06-14,347.29363526511025,346.7306488275549,347.63422623589855
2016-06-21,347.3025450046313,346.72690097593915,347.6385309833797
2016-06-28,347.33878095126687,346.77508279217943,347.6933415540379
2016-07-05,347.37366800833615,346.8300945420561,347.7878347107056
2016-07-12,347.5324440725996,346.95230214063355,348.0224230738159
2016-07-19,347.7511650782416,347.0886861814953,348.2971595845689
2016-07-26,347.9638939080151,347.15515185458423,348.7101285809718
2016-08-02,348.12512219679934,347.2285217313999,348.94528266341507
2016-08-09,348.32534781347897,347.33513786399095,349.2627021887009
2016-08-16,348.53359331902476,347.4365881067297,349.57112763596615
2016-08-23,348.62491903155717,347.49048733358495,349.628634185433
2016-08-30,348.6382586538964,347.50479090058593,349.6093336210536
2016-09-06,348.6378480931257,347.5401415036042,349.5962529877441
2016-09-13,348.6265604822784,347.52467531361776,349.5570146528952
2016-09-20,348.581008682063,347.45617038890583,349.5099890664852
2016-09-27,348.50511183153736,347.41469030986855,349.4269571543718
2016-10-04,348.4429326708202,347.39799233255576,349.32086471109335
2016-10-11,348.36632818747177,347.3434097331693,349.23438992303386
2016-10-18,348.27215470504865,347.2821883936254,349.11297643426497
2016-10-25,348.1668648421239,347.19000079878464,348.9607124729567
2016-11-01,348.0549638250517,347.10377227836,348.81481285603024
2016-11-08,347.9396910881651,347.01095840716533,348.6660596250073
2016-11-15,347.82333573025164,346.9291602760808,348.5043067477794
2016-11-22,347.7074901030154,346.8604901588612,348.34174508823344
2016-11-29,347.59329141014916,346.7951560937516,348.1951085744562
2016-12-06,347.48153034832046,346.7317109603101,348.049548755773
2016-12-13,347.37276282752623,346.66952550503726,347.91060195899547
2016-12-20,347.27004500973516,346.6087508227309,347.7863037774127
2016-12-27,347.1838605532273,346.5523845340605,347.6968163403359
2017-01-03,347.0980301045473,346.50116977934147,347.5707125473023
2017-01-10,347.0134855591005,346.4526255596686,347.4523136801951
2017-01-17,346.9307713496238,346.4061162269755,347.3514785924296
2017-01-24,346.85025675363556,346.3517843410957,347.25466900237717
2017-01-31,346.7721941380679,346.3010486221251,347.1652706884311
2017-02-07,346.6967508736729,346.26372021921156,347.06700277187133
2017-02-14,346.62544307812703,346.21254667682047,346.9742759761361
2017-02-21,346.5638695092376,346.18173742414274,346.9172213198824
2017-02-28,346.5034471205628,346.1566005559653,346.82732547312776
2017-03-07,346.4445416264379,346.13815944744744,346.75567525041254
2017-03-14,346.38731398180875,346.10756600030004,346.68705144630826
2017-03-21,346.33157756801205,346.0641374344387,346.6212522900213
2017-03-28,346.2773240237844,346.02545316874426,346.55363940727773
2017-04-04,346.22464358423827,345.9898908616527,346.489075022148
2017-04-11,346.1769190497389,345.9562423357802,346.4398320828155
2017-04-18,346.1300339114636,345.9227333499841,346.38953233830375
2017-04-25,346.08421128954114,345.89815005916927,346.3266597394438
2017-05-02,346.039518078786,345.8631759424367,346.26184720357827
2017-05-09,346.0013621844669,345.83938696050217,346.2140195641577
2017-05-16,345.96685907385773,345.80486193635704,346.1636618324619
2017-05-23,346.0337940972993,345.862672238562,346.3706050648609
2017-05-30,346.24911515945524,345.9720395833983,346.91012693004745
2017-06-06,346.4671530422586,346.01054046022506,347.3880107816796
2017-06-13,347.5846690537356,346.628989693606,348.454237442943
2017-06-20,348.11818486043154,346.8832073422991,349.11317092139456
2017-06-27,348.3942438197656,347.10297808561074,349.4010211738674
2017-07-04,348.58231775077405,347.26633451387835,349.66992978052036
2017-07-11,348.7509849222221,347.4425113341038,349.84815559196835
2017-07-18,349.3098753737962,347.98634758139764,350.3678469272695
2017-07-25,349.7502421698,348.27140628329084,350.985821918193
2017-08-01,349.92571315786785,348.48199471415535,351.25484569096807
2017-08-08,350.20474284713634,348.6963597167773,351.6293211093015
2017-08-15,350.3276441558734,349.11716147654784,351.79454637189906
2017-08-22,350.38749339801205,349.1617218159787,351.8763201695149
2017-08-29,350.43433407627765,349.1626995594695,351.9743451129883
2017-09-05,350.37689950082944,349.02741502038083,351.95432693937727
2017-09-12,350.2681985336402,348.90807230945325,351.84500110955
2017-09-19,350.16775945544765,348.83324263290723,351.83460577060856
2017-09-26,350.0201809763336,348.7266574892305,351.65068476965894
2017-10-03,349.8417785824569,348.61544625541933,351.4004657744802
2017-10-10,349.65077814234365,348.51766260447044,351.1366636184645
2017-10-17,349.467056195219,348.41785347976065,350.8832620727146
2017-10-24,349.30505093103363,348.28835240504077,350.6008233110256
2017-10-31,349.13519821841004,348.16803169479954,350.25551106314657
2017-11-07,348.96249198650526,348.0387788566985,349.90765135336284
2017-11-14,348.7900412296734,347.90495561432766,349.63372479767867
2017-11-21,348.61993676545916,347.7725473598742,349.41173278881183
2017-11-28,348.453600638474,347.6473746733436,349.17520055324377
2017-12-05,348.2919938784085,347.52727926787685,348.9682089349956
2017-12-12,348.13575120541054,347.4123246167408,348.7682706811669
2017-12-19,347.9852723248365,347.30249661357084,348.5757732325596
2017-12-26,347.8407856754197,347.20622436035484,348.39093921211577
2018-01-02,347.7023939599014,347.09189922713443,348.22078595892106
2018-01-09,347.5701072551877,346.9908925414989,348.05821271501725
2018-01-16,347.44386744592293,346.9023557448566,347.90487098582935
2018-01-23,347.3235664727804,346.83199762399187,347.76639244753017
2018-01-30,347.2090600945754,346.74190879157936,347.62866136976004
2018-02-06,347.1001783476023,346.65711335097166,347.48411833634736
2018-02-13,346.9967335416163,346.5731670247662,347.34386908448425
2018-02-20,346.898526397586,346.49689628452074,347.21332952449427
2018-02-27,346.8053507697533,346.4196263710405,347.09781486036707
2018-03-06,346.7169565875439,346.34627164747315,346.98370182305973
2018-03-13,346.63305658343495,346.27670683036575,346.88982790142285
2018-03-20,346.5533881455583,346.2181861409295,346.80437040018353
2018-03-27,346.4777289738242,346.16249286779146,346.711601588939
2018-04-03,346.4057584227203,346.10354427111696,346.61764827468846
2018-04-10,346.3373222489423,346.04773561671345,346.54135009165327
2018-04-17,346.2723462442179,345.9948779278694,346.4624035796495
2018-04-24,346.2185623645786,345.9550954523893,346.39458091023647
2018-05-01,346.17008360638664,345.9281891027021,346.3399363985372
2018-05-08,346.1361576916178,345.9002746880876,346.3344728171711
2018-05-15,346.32308711882337,346.0006109563802,346.58194156966056
2018-05-22,346.4764362534608,346.07702937333414,346.8217063644284
2018-05-29,346.5621603153036,346.13551526455626,346.9463425798698
2018-06-05,346.60301649928164,346.17677103802384,347.0319574876076
2018-06-12,346.6348081232112,346.1835487178597,347.08631345555386
2018-06-19,346.6472455611065,346.18069622326755,347.0982887548902
2018-06-26,346.8862489716324,346.3187673096303,347.45005833716704
2018-07-03,347.06038254771227,346.4209598343295,347.6505396076514
2018-07-10,347.159804101689,346.45593097854123,347.77119433000667
2018-07-17,347.20583808132085,346.45574978876266,347.795948972176
2018-07-24,347.2683495175826,346.4647001486002,347.8998369471303
2018-07-31,347.390724314339,346.55689194515503,348.10235774317016
2018-08-07,347.4562298564306,346.5910251337277,348.2681492704971
2018-08-14,347.57707024311975,346.67602021760933,348.4874737633417
2018-08-21,347.7181678581603,346.75455864023104,348.6898172543955
2018-08-28,347.7851686119686,346.79917538725357,348.77044592961994
2018-09-04,347.8095513187315,346.8233581892239,348.80616020896616
2018-09-11,347.79372656621945,346.8247702173198,348.7462037763432
2018-09-18,347.7998342284979,346.830790585983,348.71376041113166
2018-09-25,347.8560535659887,346.82220314976115,348.7491794662012
2018-10-02,347.91460069182943,346.85405156080094,348.74618211267216
2018-10-09,347.9217285135054,346.84369208651077,348.7190081219199
2018-10-16,347.92297516679434,346.80540462980275,348.6662643050716
2018-10-23,347.9198063270461,346.7911215803778,348.6207515374745
2018-10-30,347.8986433278641,346.74998514938795,348.6122259241687
2018-11-06,347.8520698304421,346.71050178006,348.5486804369011
2018-11-13,347.8012741877703,346.6862315327936,348.4564643663597
2018-11-20,347.76291627190284,346.6842264076216,348.37315646025826
2018-11-27,347.7221427992014,346.6764797804851,348.27819011781145
2018-12-04,347.66347551019567,346.6508651339649,348.19745207811224
2018-12-11,347.5930369392867,346.6124394054777,348.0907163783389
2018-12-18,347.5149484902513,346.57235555908125,347.9908334818392
2018-12-25,347.43211709571005,346.5364083557207,347.9018198778358
2019-01-01,347.34664030901484,346.5042101933885,347.80770720903604
2019-01-08,347.26005237563214,346.472265722124,347.69176576924053
2019-01-15,347.17348406773044,346.4161156385527,347.57753587564633
2019-01-22,347.0877709078719,346.37269447652744,347.46593724352397
2019-01-29,347.003528720912,346.3210892618424,347.3576201272526
2019-02-05,346.92120767393624,346.2761552765238,347.2566647520845
2019-02-12,346.8411317122668,346.23347698106943,347.1627235114499
2019-02-19,346.76352782866576,346.18836357585974,347.0711577655947
2019-02-26,346.6894513844986,346.1477736947096,346.9738585866061
2019-03-05,346.6189540035706,346.11015635643173,346.88912217901395
2019-03-12,346.5508666224663,346.0831453072411,346.8160160035995
2019-03-19,346.4849870070267,346.0455258274354,346.7457718491236
2019-03-26,346.4212321071633,346.00532780290854,346.6747365258607
2019-04-02,346.35961419000085,345.9688040571148,346.59588738400083
2019-04-09,346.3001619061125,345.93114040325247,346.5186672466608
2019-04-16,346.242955881793,345.8933420743964,346.44971598564155
2019-04-23,346.20281087243734,345.8687034897971,346.41380207640077
2019-04-30,346.36783483334386,345.9481102902799,346.66238689755346
2019-05-07,346.55258041565247,345.97644261297245,346.8804961143119
2019-05-14,346.7764579289668,345.94737535995694,347.04804603066555
2019-05-21,347.05987705521557,346.02633946293486,347.37498067246247
2019-05-28,347.2141071057089,346.2899638108416,347.6683455224738
2019-06-04,347.3216205739263,346.4256260622192,347.82845700394785
2019-06-11,347.4375646143282,346.5472259905638,348.17836267034005
2019-06-18,347.5775613874648,346.7125666996168,348.41095213586937
2019-06-25,347.64814450887343,346.7569790720398,348.5122570001389
2019-07-02,347.71192401319985,346.81373290483936,348.5958206047046
2019-07-09,347.7638882247422,346.90730752552764,348.63064459056005
2019-07-16,347.77498455167915,346.94897897570684,348.64534049218685
2019-07-23,347.7517415466769,346.9583121353939,348.6098086186649
2019-07-30,347.7013944861036,346.94522012367474,348.5761471387241
2019-08-06,347.62903552646316,346.90080822190765,348.4576009970875
2019-08-13,347.5491637766543,346.83445731994925,348.33544292568354
2019-08-20,347.5019879115597,346.7974415098035,348.2601413487351
2019-08-27,347.5257243454404,346.82680167326384,348.29766589753274
2019-09-03,347.56968017772016,346.9338874483578,348.37519549508295
2019-09-10,347.61419615822984,346.9552387541568,348.3623505441614
2019-09-17,347.63584481423925,346.96159981790095,348.43615175399066
2019-09-24,347.6520436342633,346.9656569358716,348.47765563213295
2019-10-01,347.6500575806833,346.9676314083738,348.4724656514143
2019-10-08,347.7044729160215,347.0062435928186,348.4881682798509
2019-10-15,347.7352242760165,346.97348429232665,348.6245071082916
2019-10-22,347.72500246866736,346.9390008944289,348.5972728051031
2019-10-29,347.68782894656056,346.926049809324,348.5004029693306
2019-11-05,347.6323981588698,346.91395451907516,348.3941220840111
2019-11-12,347.56472166380235,346.8635500775996,348.32201721420483
2019-11-19,347.4890698985843,346.7958180911249,348.23157760967814
2019-11-26,347.4084104982698,346.72914791161935,348.13065030147425
2019-12-03,347.324896855853,346.6492792785744,348.0172304303414
2019-12-10,347.24250219033445,346.5831947016231,347.9060597114492
2019-12-17,347.1597076460648,346.52988321861767,347.7836389407206
2019-12-24,347.07712010654916,346.4760433681256,347.6669279905451
2019-12-31,346.9954848783819,346.4248580387509,347.5596489172494
2020-01-07,346.9153469334709,346.3929390841819,347.46590342814477
2020-01-14,346.8371035266476,346.3412109723946,347.36457673301214
2020-01-21,346.7610397929694,346.29143545612817,347.26113163193145
2020-01-28,346.6873546831931,346.24250673571134,347.16924354924157
2020-02-04,346.6161804123465,346.19304576922036,347.08720488609424
2020-02-11,346.5475972966476,346.14555442818795,346.99364502297726
2020-02-18,346.48164521359956,346.0988752237255,346.90353494835244
2020-02-25,346.4183274682702,346.0581592312727,346.8256221342573
2020-03-03,346.35748685100646,346.0210397529451,346.7475088261218
2020-03-10,346.2990559955039,345.9864214582752,346.6609196843402
2020-03-17,346.2429398405548,345.950127991558,346.5831599859838
2020-03-24,346.1890282010251,345.9124743424926,346.51555242759434
2020-03-31,346.13728518523294,345.8762970743369,346.45002981912563
2020-04-07,346.0876810489289,345.84158348874496,346.37944020809323
2020-04-14,346.0401097868183,345.80987057006683,346.3116937004081
2020-04-21,345.99503388764504,345.7815138429277,346.2503610373041
2020-04-28,345.9544858514761,345.7570718637593,346.20899465520273
2020-05-05,345.9150837393814,345.72852875068725,346.1671011081196
2020-05-12,345.87695345149854,345.69835772575345,346.1169720841863
2020-05-19,345.84010618306587,345.67819115631636,346.0892665217922
2020-05-26,345.91025989569795,345.70460002183654,346.25301051858656
2020-06-02,346.95100011481594,345.9705160568329,347.4983458073417
2020-06-09,347.95989415074894,346.525206148381,348.63928244091926
2020-06-16,348.4025090258013,346.87077599973196,349.4344735251121
2020-06-23,348.5677012822903,346.96100904829007,349.6792798508177
2020-06-30,348.59676749801906,347.01593253358067,349.7383837543305
2020-07-07,348.57229479305494,347.00809754509237,349.76234353558175
2020-07-14,348.5530515078458,347.03803153392755,349.6990708896973
2020-07-21,348.5415077681297,347.1109685777994,349.6848254218343
2020-07-28,348.73589070715445,347.32326042338025,349.89624086495337
2020-08-04,348.8290222566515,347.4131686837924,350.00069022748835
2020-08-11,348.865872806326,347.585445517362,350.02598612071995
2020-08-18,348.8726506303638,347.6842194852397,350.0015152970737
2020-08-25,348.891948485659,347.6760639286182,350.00006464510784
2020-09-01,348.9461592870814,347.7098593667946,350.11710049060036
2020-09-08,348.9864728840111,347.733385071479,350.2322197823797
2020-09-15,349.0075114557696,347.6948942593551,350.25108406759676
2020-09-22,349.01087530879374,347.6453236242029,350.22243487173307
2020-09-29,349.04976296804165,347.68360736461375,350.23220428743036
2020-10-06,349.0210328404204,347.69593289330976,350.1331830284909
2020-10-13,348.96364888755295,347.71177447269184,350.01533894777884
2020-10-20,348.910021598157,347.67646316322157,349.9404188371792
2020-10-27,348.8384801898911,347.66357969843733,349.75533924973666
2020-11-03,348.74215277045244,347.62914808979406,349.61520488401527
2020-11-10,348.7083149679466,347.63705934962275,349.5448717992424
2020-11-17,348.66452394756084,347.63834277510836,349.46617441355863
2020-11-24,348.61859146951565,347.6477705448699,349.39595720319977
2020-12-01,348.5449164399796,347.61121355864265,349.2701283810062
2020-12-08,348.45859705924795,347.53252365068437,349.1352145607844
2020-12-15,348.3561747151033,347.44428573163816,348.9922927120494
2020-12-22,348.2439467601395,347.3720554633396,348.84275049708566
2020-12-29,348.12613829927454,347.273519218562,348.68831911474837
