time,head,rr,tg,tn,tx,pp,hu,fg,qq,et
2001-01-02,241.16,3.3,-5.75,-17.15,-3.24,1005.8,93.350006,0.75,1.0,0.0069795223
2001-01-09,241.12,0.0,-8.9,-9.79,-6.98,1006.0,91.772224,1.0799999,1.0,0.005965538
2001-01-16,241.08,0.0,1.24,-2.75,4.8599997,1015.5,71.485,1.93,4.0,0.037416738
2001-01-23,241.06,0.0,-6.0899997,-9.179999,-4.62,1019.4,91.69334,2.1299999,2.0,0.013606665
2001-01-30,241.04,0.0,-14.23,-18.76,-7.45,1019.3,84.08948,0.59999996,5.0,0.021916356
2001-02-06,241.02,1.6,-20.84,-23.439999,-17.84,1013.7,83.105,1.26,5.0,0.014384887
2001-02-13,240.99,1.7,-7.3399997,-10.679999,-4.67,1010.4,91.15,1.3,6.0,0.038632687
2001-02-20,240.96,7.2000003,-5.22,-10.78,0.37,994.8,87.025,1.5699999,25.0,0.18024571
2001-02-27,240.93,1.3000001,-18.5,-21.359999,-15.29,1011.5,82.11,0.96999997,47.0,0.15858407
2001-03-06,240.9,0.0,-13.21,-21.01,-6.0699997,1006.8,81.33,0.66999996,52.0,0.24445714
2001-03-13,240.87,0.0,-3.99,-5.46,-1.81,998.5,78.01,1.4699999,38.0,0.28913215
2001-03-20,240.84,0.0,-11.59,-22.269999,-3.31,1006.5,67.53,0.71999997,116.0,0.5982719
2001-03-27,240.8,2.8,-10.79,-19.99,-2.9099998,1015.60004,70.375,0.78999996,130.0,0.69605076
2001-04-03,240.81,15.400001,-4.5499997,-9.7699995,2.22,1009.4,68.71,2.1299999,119.0,0.87633884
2001-04-10,240.83,0.0,0.22999999,-4.45,4.72,1010.60004,57.11,3.1,181.0,1.6328111
2001-04-17,240.9,0.0,-4.8199997,-14.009999,2.83,1002.5,58.97,0.82,192.0,1.4029045
2001-04-24,241.05,3.3,4.35,-2.8899999,9.24,1014.9,68.12,1.3,124.0,1.2981212
2001-05-01,241.23,0.0,4.88,-2.1299999,10.2,1011.60004,63.885002,0.96999997,177.0,1.8896793
2001-05-08,241.47,0.0,11.61,0.74,19.449999,1023.2,58.465,1.9499999,271.0,3.5106587
2001-05-15,241.63,0.0,5.08,1.48,8.849999,1008.60004,50.415,2.02,205.0,2.2066555
2001-05-22,241.56,3.8,2.33,-2.62,8.4,1015.10004,68.145004,2.28,208.0,2.0270605
2001-05-29,241.49,0.0,3.4099998,0.32999998,7.68,1010.2,54.085,1.8,204.0,2.072365
2001-06-05,241.5,0.0,9.059999,3.85,15.48,1002.10004,60.7,2.23,204.0,2.489136
2001-06-12,241.52,1.9,8.53,4.87,12.62,1004.4,78.340004,2.77,166.0,1.9928044
2001-06-19,241.42,0.0,14.259999,8.47,19.279999,1022.0,73.16,1.5799999,278.0,3.8453517
2001-06-26,241.26,0.0,17.41,9.99,23.91,1014.60004,58.935,1.13,294.0,4.366646
2001-07-03,241.14,0.0,14.469999,6.75,21.02,1014.10004,64.195,2.36,216.0,3.0113766
2001-07-10,241.1,2.0,21.02,17.27,25.369999,1004.10004,66.485,3.08,202.0,3.2212064
2001-07-17,241.05,7.0,12.16,8.11,17.02,1016.3,69.3,1.73,104.0,1.3702813
2001-07-24,241.08,0.0,13.49,8.849999,17.98,1019.5,81.845,1.88,179.0,2.4337468
2001-07-31,241.12,0.0,10.8,7.1299996,15.24,994.10004,59.940002,3.61,200.0,2.5684292
2001-08-07,241.15,7.4,13.299999,12.679999,16.59,1003.5,90.672226,1.9399999,84.0,1.1441561
2001-08-14,241.18,0.0,11.67,5.15,17.619999,1002.10004,82.21,0.55,129.0,1.6886457
2001-08-21,241.13,0.0,10.21,3.9599998,15.009999,1020.2,84.615005,0.56,97.0,1.2121663
2001-08-28,241.07,0.0,9.59,7.23,14.549999,1012.60004,85.0,1.76,132.0,1.6270183
2001-09-04,241.09,6.6,8.33,7.33,9.7699995,1006.4,93.922226,1.38,57.0,0.67966634
2001-09-11,241.15,3.3,12.349999,11.08,12.86,1012.10004,92.51539,1.15,62.0,0.822229
2001-09-18,241.19,0.0,8.58,2.7,15.5,1032.2001,89.335,0.94,81.0,0.96132386
2001-09-25,241.21,0.0,4.02,-3.1499999,11.48,1016.60004,73.25,1.16,80.0,0.82731754
2001-10-02,241.22,3.0,4.2,1.1899999,6.0099998,984.4,93.44445,0.96,13.0,0.13762204
2001-10-09,241.23,0.0,3.1,1.76,7.12,1005.9,93.252945,1.68,23.0,0.23164389
2001-10-16,241.24,1.7,4.15,0.76,7.12,1017.8,93.71429,0.39999998,26.0,0.26991388
2001-10-23,241.21,0.0,-6.45,-9.29,0.22,1025.5,81.32,0.41,29.0,0.19307381
2001-10-30,241.18,1.6,-6.2599998,-8.97,-4.4,997.7,93.42728,0.66999996,8.0,0.054795012
2001-11-06,241.13,7.5,-5.81,-11.01,-2.74,994.4,92.19286,1.53,4.0,0.028057385
2001-11-13,241.08,0.0,-15.82,-19.01,-6.43,1003.5,85.755005,0.22,8.0,0.032238398
2001-11-20,241.04,0.0,-10.17,-16.83,-7.8599997,1008.7,89.16667,0.69,6.0,0.033398353
2001-11-27,241.02,1.7,-1.0,-1.74,-0.45999998,1015.10004,93.16667,2.3999999,2.0,0.017124766
2001-12-04,241.01,1.3000001,-0.68,-2.73,-0.08,1026.0,92.685715,2.01,1.0,0.008618347
2001-12-11,241.01,0.0,-4.8199997,-8.0199995,-1.5999999,1030.7001,89.945,0.81,1.0,0.007171012
2001-12-18,241.0,5.8,-13.98,-18.33,-10.12,1011.2,86.435,1.54,1.0,0.0044775405
2001-12-25,240.96,3.6000001,-9.92,-20.539999,-7.48,985.3,86.36,2.03,1.0,0.0057410514
2002-01-01,240.93,0.0,-33.469997,-35.239998,-29.599998,1010.8,70.17,1.31,1.0,0.0010874511
2002-01-08,240.87,0.0,2.47,-0.57,4.4,1005.2,80.23,3.04,2.0,0.019699568
2002-01-15,240.82,4.6,-3.74,-4.54,1.81,1005.60004,91.850006,1.06,2.0,0.015317373
2002-01-22,240.87,0.0,-30.96,-35.53,-26.67,994.9,71.82,0.32,1.0,0.0013619006
2002-01-29,240.91,0.0,-18.31,-24.369999,-15.5,992.5,83.965004,0.53999996,5.0,0.017357724
2002-02-05,240.89,2.6000001,-7.19,-11.66,-0.39,990.60004,90.465004,0.81,12.0,0.07894132
2002-02-12,240.86,0.0,-9.4,-13.16,-6.75,986.9,89.3,0.90999997,10.0,0.05893966
2002-02-19,240.84,0.0,-10.19,-13.099999,-2.9399998,983.2,78.025,2.37,29.0,0.1643678
2002-02-26,240.83,1.7,-10.07,-13.57,-8.16,989.0,90.835,0.55,38.0,0.21581885
2002-03-05,240.82,3.1000001,-11.719999,-15.28,-8.08,982.9,88.88947,1.3199999,59.0,0.30763716
2002-03-12,240.8,0.0,-14.849999,-23.18,-9.17,1007.7,81.97,0.45999998,52.0,0.22161488
2002-03-19,240.79,17.1,-0.84,-4.19,2.36,991.5,92.387505,1.0799999,25.0,0.21859783
2002-03-26,240.8,0.0,2.76,-3.0,7.37,1015.4,68.76,1.8399999,91.0,0.90067995
2002-04-02,240.83,0.0,-2.99,-9.63,3.01,1027.4,77.71,1.74,126.0,0.98373353
2002-04-09,240.89,0.0,-0.94,-3.3,1.4599999,1026.6,86.56,1.73,105.0,0.8950072
2002-04-16,240.98,0.0,-2.45,-9.41,2.72,1026.7001,63.420002,1.64,172.0,1.3754898
2002-04-23,241.28,0.0,6.58,1.24,12.509999,1003.0,73.285,1.64,132.0,1.4953411
2002-04-30,241.57,0.0,4.63,-2.34,10.16,1011.10004,78.840004,1.14,167.0,1.7684864
2002-05-07,241.56,0.0,6.94,-0.94,14.15,1021.8,51.975002,2.4099998,174.0,1.9749993
2002-05-14,241.55,0.0,8.65,-0.56,15.16,1013.4,56.38,1.55,214.0,2.5672028
2002-05-21,241.45,0.0,8.37,-1.78,15.49,1015.0,49.435,1.51,240.0,2.8535757
2002-05-28,241.34,0.0,14.28,2.6399999,20.699999,1023.3,48.29,1.67,312.0,4.3155
2002-06-04,241.37,0.0,15.599999,10.5199995,21.279999,1017.5,67.015,1.18,255.0,3.6417181
2002-06-11,241.15,0.0,18.039999,9.12,24.41,1014.9,50.89,1.68,275.0,4.1358747
2002-06-18,240.94,18.4,15.5,7.58,21.76,1006.10004,62.625,2.37,187.0,2.6759648
2002-06-25,240.92,6.9,9.389999,4.47,13.79,1010.0,73.28,1.48,246.0,3.0187771
2002-07-02,240.89,5.2000003,12.95,9.429999,17.68,999.5,80.295,2.6499999,147.0,1.9886734
2002-07-09,240.86,0.0,16.14,8.33,21.52,1010.8,71.175,1.5,199.0,2.8823943
2002-07-16,240.84,0.0,17.01,8.41,24.05,1016.8,66.49,0.85999995,265.0,3.9008412
2002-07-23,240.82,15.900001,14.139999,9.66,20.23,998.7,81.15,1.11,118.0,1.6423922
2002-07-30,240.81,0.0,13.45,4.31,20.72,1024.1,57.89,1.18,259.0,3.5116975
2002-08-06,240.7,0.0,13.94,4.42,22.17,1016.8,71.385,1.16,211.0,2.902682
2002-08-13,240.58,7.5,14.759999,10.03,18.91,1012.0,79.925,1.14,126.0,1.7696966
2002-08-20,240.52,0.0,15.15,9.13,21.58,1020.8,74.72,1.42,185.0,2.6126292
2002-08-27,240.48,0.0,13.849999,4.23,21.689999,1012.4,72.520004,1.3399999,152.0,2.0901966
2002-09-03,240.47,0.0,12.41,7.6299996,17.1,1014.2,56.535,3.85,135.0,1.7914768
2002-09-10,240.49,0.0,7.8199997,0.83,15.07,1026.9,75.57,1.0,158.0,1.8378286
2002-09-17,240.51,0.0,4.7799997,0.94,10.809999,1002.0,82.98,0.90999997,44.0,0.47054043
2002-09-24,240.54,2.0,3.1799998,0.26999998,8.75,999.0,80.665,1.99,50.0,0.5069237
2002-10-01,240.56,0.0,0.06,-4.8399997,5.92,1016.7,79.055,0.74,72.0,0.6428394
2002-10-08,240.56,0.0,0.89,-3.7099998,5.83,1030.0,81.385,1.43,41.0,0.3752525
2002-10-15,240.56,0.0,-3.75,-6.5699997,0.089999996,1021.7,81.965004,0.89,29.0,0.21968862
2002-10-22,240.59,0.0,-9.04,-12.7,-4.42,1015.7,91.26,0.95,19.0,0.1117301
2002-10-29,240.62,0.0,-5.8799996,-8.53,-1.75,998.0,90.80556,0.59999996,9.0,0.06276341
2002-11-05,240.59,0.0,-8.22,-11.34,-3.8799999,1015.2,88.5,0.51,21.0,0.12889393
2002-11-12,240.55,2.0,-6.45,-14.9,-3.98,1007.60004,91.40588,1.66,3.0,0.020220822
2002-11-19,240.52,0.0,-6.5699997,-13.84,-3.52,1024.0,88.805,1.75,2.0,0.013251155
2002-11-26,240.5,1.3000001,-5.14,-7.68,-4.58,1012.2,91.41539,0.69,1.0,0.0071521625
2002-12-03,240.48,0.0,-9.75,-11.65,-9.11,1029.3,90.15295,0.78,1.0,0.005607881
2002-12-10,240.44,0.0,-13.389999,-17.21,-8.87,1029.5,87.215004,0.88,1.0,0.0045705596
2002-12-17,240.42,1.6,-14.059999,-20.32,-9.54,1001.9,88.255005,0.97999996,1.0,0.0044892947
2002-12-24,240.4,0.0,-27.76,-30.349998,-26.32,1029.7001,76.11,1.0,1.0,0.0017045941
2002-12-31,240.39,0.0,-25.56,-29.05,-17.93,1009.8,76.175,0.25,1.0,0.0020542606
2003-01-07,240.35,0.0,-23.619999,-27.369999,-21.43,1007.4,80.445,1.02,1.5,0.0035641317
2003-01-14,240.32,1.7,-16.1,-24.01,-12.219999,989.0,88.635,0.68,1.0,0.004007911
2003-01-21,240.28,8.0,-12.139999,-15.0199995,-10.8,991.7,87.840004,1.24,4.0,0.020231668
2003-01-28,240.24,0.0,-19.539999,-26.59,-16.71,999.60004,84.96,1.1,4.0,0.012724019
2003-02-04,240.22,1.8000001,-14.929999,-17.59,-7.6299996,1005.4,84.94,1.26,10.0,0.04249052
2003-02-11,240.19,0.0,-8.639999,-12.03,-2.24,1020.5,92.307144,0.45,17.0,0.1017225
2003-02-18,240.17,0.0,1.4499999,-6.0299997,4.11,1024.8,74.47,1.24,33.0,0.30951318
2003-02-25,240.14,0.0,-0.53,-7.44,5.1099997,1019.4,84.770004,1.12,33.0,0.28728202
2003-03-04,240.14,0.0,-13.7,-19.96,-7.06,1026.6,84.425,0.78,56.0,0.25188202
2003-03-11,240.16,3.9,-3.6599998,-7.3999996,2.56,992.3,86.135,1.52,37.0,0.28687686
2003-03-18,240.18,0.0,3.12,-3.25,7.2,1007.8,63.99,3.01,58.0,0.5839514
2003-03-25,240.21,0.0,-0.95,-5.02,3.24,1014.5,73.515,1.63,120.0,1.0299734
2003-04-01,240.24,4.6,-7.7599998,-15.12,-3.1399999,1003.2,75.505005,4.2599998,95.0,0.6020061
2003-04-08,240.28,0.0,-5.7599998,-16.119999,1.53,1026.6,54.155003,1.28,193.0,1.3275293
2003-04-15,240.31,0.0,1.93,-4.85,7.7999997,1026.9,66.81,1.25,166.0,1.5834748
2003-04-22,240.67,0.0,2.85,1.0,7.37,1026.0,53.9,2.01,192.0,1.8954542
2003-04-29,241.03,0.0,-0.62,-3.62,3.36,1008.0,59.350002,1.92,148.0,1.2925873
2003-05-06,241.13,1.9,5.5,1.41,9.4,997.3,86.91,1.9699999,82.0,0.9001354
2003-05-13,241.23,2.1000001,7.18,-0.39,14.25,1014.9,73.55,2.19,192.0,2.202901
2003-05-20,241.27,5.0,8.04,6.6099997,10.53,1007.2,91.57223,1.61,137.0,1.6190991
2003-05-27,241.29,0.0,11.2699995,7.24,15.839999,1006.8,58.305,4.0499997,218.0,2.818756
2003-06-03,241.26,3.6000001,9.04,7.0299997,12.12,1016.8,86.415,1.75,131.0,1.5867658
2003-06-10,241.18,0.0,8.32,4.19,12.009999,1011.10004,53.010002,2.29,189.0,2.2480028
2003-06-17,241.09,0.0,8.679999,3.21,12.79,1014.9,64.075,1.27,240.0,2.879607
2003-06-24,240.98,0.0,15.759999,8.73,22.32,1008.2,62.640003,1.17,320.0,4.601624
2003-07-01,240.87,0.0,17.0,7.0099998,23.539999,1011.2,48.79,1.37,282.0,4.158358
2003-07-08,240.83,0.0,14.24,7.5299997,19.13,1016.2,60.27,1.6999999,255.0,3.5334427
2003-07-15,240.78,0.0,20.35,10.36,26.539999,1022.2,62.375,1.31,305.0,4.780069
2003-07-22,240.76,5.9,18.82,12.38,25.699999,1012.7,75.090004,1.91,219.0,3.34638
2003-07-29,240.74,0.0,19.85,16.15,24.3,1020.0,70.465004,1.37,221.0,3.4346218
2003-08-05,240.76,2.3,13.42,7.31,19.07,1018.0,80.89,1.68,138.0,1.8742601
2003-08-12,240.78,0.0,13.73,10.809999,18.23,1018.0,83.26,0.71999997,80.0,1.0945916
2003-08-19,240.74,1.7,11.48,2.25,18.539999,1010.7,75.270004,1.6999999,131.0,1.7002715
2003-08-26,240.65,0.0,7.91,3.84,12.04,1005.2,76.54,1.31,55.0,0.6481194
2003-09-02,240.57,0.0,4.7599998,-1.91,10.21,1016.7,60.530003,1.52,129.0,1.3680567
2003-09-09,240.48,0.0,12.21,6.75,19.84,1021.60004,82.425,1.61,137.0,1.8034167
2003-09-16,240.41,0.0,6.71,2.47,12.63,1004.2,67.875,1.3299999,93.0,1.0571814
2003-09-23,240.51,17.1,4.64,2.3899999,9.33,978.4,91.818756,2.59,29.0,0.3125667
2003-09-30,240.61,0.0,2.01,-0.28,4.29,1013.4,90.361115,0.91999996,43.0,0.41453594
2003-10-07,240.77,2.3,0.90999997,-2.12,2.61,995.7,92.8,2.36,26.0,0.24294257
2003-10-14,240.94,0.0,-1.5,-5.71,4.85,1036.1,89.14,0.45999998,52.0,0.43053985
2003-10-21,240.93,0.0,-7.27,-12.99,-3.62,1026.0,86.045,1.5699999,40.0,0.25564748
2003-10-28,240.89,0.0,1.9699999,0.48999998,4.7,976.8,66.950005,3.1,16.0,0.15726674
2003-11-04,240.95,0.0,1.56,-0.049999997,3.3,1005.8,91.38948,1.22,7.0,0.0666467
2003-11-11,241.04,0.0,-8.91,-11.3,-4.91,1027.1,92.57333,0.21,3.0,0.017616745
2003-11-18,241.06,0.0,-15.37,-17.76,-11.21,1006.8,87.22222,1.02,1.0,0.00413194
2003-11-25,240.99,0.0,-19.039999,-22.93,-11.139999,1013.5,82.1,1.04,3.0,0.009751151
2003-12-02,240.94,0.0,-5.13,-9.49,1.68,1022.10004,90.14286,0.78,2.911111,0.02069289
2003-12-09,240.92,0.0,-12.099999,-16.619999,-6.31,1013.7,86.49,0.72999996,2.7555556,0.01373378
2003-12-16,240.87,2.7,-19.51,-23.91,-6.83,1009.9,85.79,0.51,2.6,0.008214841
2003-12-23,240.81,0.0,-28.769999,-30.34,-26.96,1010.5,72.805,0.90999997,2.4444444,0.0039156456
2003-12-30,240.76,0.0,-10.469999,-20.43,-5.39,998.5,85.555,1.4599999,2.288889,0.012631984
2004-01-06,240.74,2.3,-19.93,-26.05,-14.889999,1018.8,86.765,0.74,2.1333334,0.006503019
2004-01-13,240.71,6.1,-8.28,-10.059999,-5.3599997,990.7,92.22,1.77,2.0,0.012455981
2004-01-20,240.69,0.0,-13.9,-20.15,-11.41,1020.4,84.99,1.11,3.0,0.013399337
2004-01-27,240.67,4.5,-9.61,-11.79,-7.2799997,996.9,92.57778,0.7,7.0,0.040501278
2004-02-03,240.65,3.8,-11.12,-15.98,-3.25,1003.8,90.61053,0.74,7.0,0.03713365
2004-02-10,240.63,0.0,-25.66,-29.189999,-17.57,1013.60004,80.17,1.05,27.0,0.054861844
2004-02-17,240.61,0.0,-8.03,-9.61,-4.72,1012.10004,92.828575,0.61,14.0,0.08695864
2004-02-24,240.61,3.9,-12.45,-18.66,-9.3,997.2,89.183334,2.24,39.0,0.19299017
2004-03-02,240.6,0.0,-9.12,-19.6,-4.61,1019.10004,79.705,3.0,40.0,0.23366034
2004-03-09,240.58,0.0,-7.62,-16.49,1.76,1034.7001,83.415,0.45999998,71.0,0.44316584
2004-03-16,240.56,0.0,-0.37,-1.52,0.65999997,1005.7,90.84706,2.21,72.0,0.6360749
2004-03-23,240.54,1.9,-7.1099997,-8.15,-5.72,1017.60004,87.42,2.26,55.0,0.35640684
2004-03-30,240.53,0.0,-0.42999998,-8.83,5.43,1008.0,77.195,1.9799999,115.0,1.0121032
2004-04-06,240.54,0.0,-0.91999996,-10.2,7.3999996,1011.10004,61.365,1.05,157.0,1.3520021
2004-04-13,240.56,1.5,-2.9399998,-11.19,3.1599998,1014.60004,75.355,1.42,167.0,1.3173845
2004-04-20,240.74,0.0,4.17,-1.3199999,9.0199995,1017.60004,71.28,1.4399999,124.0,1.2883037
2004-04-27,240.95,0.0,4.58,0.29999998,8.29,1026.7001,72.51,1.13,222.0,2.3278801
2004-05-04,241.15,2.8,5.41,1.9499999,11.49,1002.3,94.4,1.88,104.0,1.1353709
2004-05-11,241.36,0.0,0.59999996,-3.9399998,5.6099997,1017.2,57.75,1.4599999,222.0,2.0240397
2004-05-18,241.44,3.8,6.77,2.83,11.41,993.4,83.600006,1.26,142.0,1.625875
2004-05-25,241.38,0.0,4.93,3.1,7.54,1012.3,81.68,1.62,140.0,1.4966134
2004-06-01,241.36,0.0,9.4,3.79,13.9,1022.5,58.085,1.5899999,228.0,2.782896
2004-06-08,241.48,0.0,6.8399997,-1.4399999,12.13,1014.8,52.07,2.35,260.0,2.9520733
2004-06-15,241.18,4.3,8.679999,6.7,13.2699995,986.5,77.815,2.1399999,174.0,2.1155417
2004-06-22,241.21,0.0,11.429999,5.14,18.02,1006.9,79.35,1.24,232.0,3.0121295
2004-06-29,241.25,13.8,8.37,7.9199996,11.17,1009.60004,85.08667,2.09,103.0,1.2277601
2004-07-06,241.27,11.400001,14.23,12.0,19.26,1002.3,89.43,1.93,148.0,2.0613415
2004-07-13,241.3,4.8,13.67,12.11,17.41,996.0,92.225006,1.06,142.0,1.9570276
2004-07-20,241.29,16.6,13.96,12.74,15.74,1009.9,93.842865,2.51,162.0,2.2356405
2004-07-27,241.25,10.1,15.53,14.349999,17.08,1013.9,91.28421,1.0699999,140.0,1.9989507
2004-08-03,241.18,0.0,17.699999,13.58,21.98,1021.60004,84.73,0.96,175.0,2.6082153
2004-08-10,241.08,3.4,16.85,10.25,22.22,1018.2,74.815,1.16,187.0,2.742205
2004-08-17,241.03,6.0,8.32,1.51,14.5199995,1005.2,87.765,0.98999995,126.0,1.5028292
2004-08-24,241.08,0.0,7.83,4.88,12.46,1013.7,71.35,1.9,154.0,1.8030977
2004-08-31,241.13,0.0,11.63,8.21,17.76,1016.4,84.395004,0.78,107.0,1.390812
2004-09-07,241.11,0.0,6.5699997,1.39,13.139999,1014.4,70.97,1.76,108.0,1.2161841
2004-09-14,241.08,7.9,0.85999995,-2.11,2.9399998,988.4,93.175,1.12,39.0,0.36528394
2004-09-21,241.2,21.4,8.22,7.37,9.17,991.8,94.100006,2.47,34.0,0.40691328
2004-09-28,241.33,0.0,6.7,5.73,8.83,995.5,90.135,1.8499999,24.0,0.27391592
2004-10-05,241.31,5.7000003,6.93,4.7,9.19,1000.8,92.631256,2.81,24.0,0.27514505
2004-10-12,241.25,0.0,2.3,-4.77,8.16,1021.7,83.3,1.42,50.0,0.48494884
2004-10-19,241.23,1.1,-0.71999997,-2.99,-0.29999998,1015.5,93.450005,0.39,16.0,0.13854259
2004-10-26,241.22,3.6000001,-0.22,-1.67,0.28,998.3,94.700005,1.55,8.0,0.07141773
2004-11-02,241.22,0.0,1.56,-4.77,4.27,1012.5,71.295,1.61,19.0,0.18020602
2004-11-09,241.2,0.0,-1.9499999,-4.08,2.37,1011.10004,93.92728,0.78,10.0,0.08250093
2004-11-16,241.18,0.0,-10.0,-14.009999,-5.15,993.4,88.53,0.57,4.0,0.022727707
2004-11-23,241.13,0.0,-24.58,-26.42,-22.039999,1018.10004,79.23,0.84999996,3.0,0.0065813046
2004-11-30,241.07,0.0,-6.29,-15.71,-5.21,999.9,91.0,1.43,1.5,0.010243557
2004-12-07,241.01,0.0,-9.37,-13.73,-4.43,990.10004,92.38667,0.59999996,1.0,0.00588922
2004-12-14,240.94,1.3000001,-3.37,-11.17,0.74,1001.4,89.66429,1.28,1.0,0.00780699
2004-12-21,240.92,0.0,-15.58,-22.199999,-9.099999,1003.0,81.535,0.69,1.0,0.0040915823
2004-12-28,240.91,0.0,-6.94,-15.889999,-1.9799999,1000.3,92.31334,1.5699999,1.0,0.0066144248
2005-01-04,240.89,2.1000001,-6.98,-10.19,-3.46,992.2,93.060005,0.59999996,1.0,0.0066392757
2005-01-11,240.87,0.0,-1.11,-3.85,0.66999996,982.7,82.21,3.3799999,1.0,0.008695784
2005-01-18,240.85,5.7000003,-0.24,-2.6699998,0.45,988.9,93.56667,2.98,2.0,0.017942045
2005-01-25,240.84,1.9,-12.0,-18.14,-8.78,1026.0,88.8,1.3399999,6.0,0.02979416
2005-02-01,240.83,1.7,-7.68,-11.429999,-4.56,1000.0,91.63334,0.48999998,3.0,0.019131
2005-02-08,240.81,0.0,-13.13,-15.16,-7.0899997,1024.1,87.795,0.97999996,26.0,0.12115996
2005-02-15,240.8,0.0,-17.279999,-24.21,-8.01,1029.3,82.035,0.62,27.0,0.09717512
2005-02-22,240.78,0.0,-24.1,-30.06,-13.71,1042.8,78.825005,0.21,46.0,0.10231963
2005-03-01,240.77,0.0,-22.15,-32.55,-9.94,1007.60004,74.69,0.31,71.0,0.18740465
2005-03-08,240.74,0.0,-13.32,-17.609999,-3.97,1017.7,71.6,1.56,63.0,0.29178277
2005-03-15,240.71,0.0,-18.46,-29.269999,-8.36,1012.7,69.44,0.62,117.0,0.39541426
2005-03-22,240.72,0.0,-7.37,-15.12,-2.98,1014.3,74.355,1.16,92.0,0.5898614
2005-03-29,240.72,0.0,-3.72,-10.55,2.49,1028.5,76.265,0.78,133.0,1.0044781
2005-04-05,240.77,4.7000003,0.84,-1.8499999,3.83,992.8,86.590004,1.3399999,80.0,0.7467884
2005-04-12,240.83,10.5,-2.69,-10.54,1.67,1001.60004,88.67,1.28,124.0,0.997118
2005-04-19,240.92,0.0,-4.8199997,-10.219999,-0.65999997,1019.4,63.395,2.44,210.0,1.5172102
2005-04-26,241.03,0.0,4.7999997,-4.8599997,11.57,1021.60004,63.345,1.41,225.0,2.383276
2005-05-03,241.16,4.9,0.26,-2.23,2.73,1011.0,82.19,1.04,88.0,0.7946025
2005-05-10,241.3,0.0,5.56,-2.34,12.009999,1010.60004,64.58,1.29,242.0,2.6435876
2005-05-17,241.4,6.1,1.1899999,-0.42,5.31,1000.3,92.03125,2.98,119.0,1.1208365
2005-05-24,241.4,6.9,8.04,1.9499999,15.309999,1010.10004,89.79474,1.99,192.0,2.265986
2005-05-31,241.42,0.0,7.5299997,-1.26,14.13,1015.4,50.02,1.74,255.0,2.9564037
2005-06-07,241.58,0.0,7.19,3.51,11.11,1016.2,68.270004,2.78,145.0,1.6631107
2005-06-14,241.3,7.3,16.59,12.259999,24.5,1016.7,60.105,2.47,250.0,3.648089
2005-06-21,241.23,1.7,12.719999,10.559999,16.97,1012.8,74.14,0.57,174.0,2.328161
2005-06-28,241.21,13.2,9.21,7.41,12.98,1001.0,88.115,2.3799999,97.0,1.1891885
2005-07-05,241.11,0.0,18.68,10.8,28.38,1014.8,63.47,1.27,319.0,4.858001
2005-07-12,240.98,0.0,18.359999,7.8999996,25.08,1016.10004,54.875,2.21,277.0,4.190525
2005-07-19,240.99,0.0,19.99,11.53,25.96,1005.0,76.485,0.76,203.0,3.1778877
2005-07-26,241.11,0.0,15.099999,11.46,18.97,1005.5,78.340004,1.43,203.0,2.8800561
2005-08-02,241.19,0.0,10.95,6.69,15.179999,1012.5,68.275,1.0799999,189.0,2.4174283
2005-08-09,241.22,0.0,17.02,14.309999,21.07,1014.60004,87.725,1.56,133.0,1.9596896
2005-08-16,241.23,0.0,9.599999,1.5799999,16.789999,1005.2,84.085,0.74,96.0,1.1875731
2005-08-23,241.19,5.1,13.889999,11.809999,17.08,1010.9,86.835,2.44,64.0,0.8814261
2005-08-30,241.14,0.0,9.16,5.58,14.0,999.4,78.025,2.46,115.0,1.4089112
2005-09-06,241.43,2.4,7.62,0.35999998,13.75,1004.7,76.795,1.41,101.0,1.180203
2005-09-13,241.3,4.9,4.43,-2.28,9.12,1005.3,68.310005,1.93,110.0,1.1605687
2005-09-20,241.23,0.0,9.79,6.23,14.679999,1003.4,70.405,2.22,77.0,0.95833296
2005-09-27,241.18,0.0,9.9,7.7999997,12.509999,1003.9,88.005005,2.55,37.0,0.46178982
2005-10-04,241.16,0.0,6.67,2.96,11.059999,1019.10004,71.955,1.9599999,58.0,0.65367144
2005-10-11,241.15,0.0,7.43,3.09,11.48,1016.4,85.88,2.4199998,52.0,0.60075825
2005-10-18,241.14,0.0,-1.8499999,-5.52,7.68,1027.7001,83.9,0.55,34.0,0.27880543
2005-10-25,241.1,1.8000001,-11.48,-18.21,-5.96,1012.4,88.85,0.48,24.0,0.1239857
2005-11-01,241.09,2.2,3.85,1.0,8.62,1008.2,94.86667,2.12,6.0,0.06196278
2005-11-08,241.11,0.0,-1.14,-2.06,-0.97999996,1011.10004,93.725006,0.75,3.0,0.025602061
2005-11-15,241.14,0.0,-3.98,-6.27,-1.4599999,979.0,91.5,2.52,4.0,0.030846072
2005-11-22,241.12,0.0,-3.97,-12.49,0.7,1022.4,89.885,1.8,3.0,0.022491664
2005-11-29,241.1,2.6000001,-7.1099997,-9.0199995,-3.99,983.8,91.543755,1.11,2.0,0.013273037
2005-12-06,241.06,0.0,-7.27,-8.429999,-6.46,1024.8,92.200005,0.72999996,1.0,0.006396525
2005-12-13,241.01,0.0,-7.49,-12.92,0.9,1004.0,90.485,0.84999996,1.0,0.0064196982
2005-12-20,240.96,1.1,-8.559999,-10.44,-6.3799996,1021.10004,91.412506,0.85999995,1.0,0.006005949
2005-12-27,240.9,0.0,-21.38,-27.439999,-11.44,1033.7001,82.235,1.16,1.0,0.0027243241
2006-01-03,240.88,0.0,-19.3,-22.97,-9.63,1027.8,88.012505,1.38,1.0,0.003156462
2006-01-10,240.88,0.0,-15.63,-23.15,-11.16,1002.0,80.340004,1.74,2.0,0.008164652
2006-01-17,240.87,3.5,-9.86,-12.46,-4.08,1024.8,70.255005,3.3,2.0,0.011186432
2006-01-24,240.83,5.4,-0.5,-4.19,0.5,1008.8,92.27334,1.31,2.0,0.017543782
2006-01-31,240.8,1.9,-10.69,-19.01,-7.68,1006.9,88.638466,0.84,7.0,0.03793184
2006-02-07,240.77,0.0,-7.52,-8.79,-6.08,999.0,89.565,2.1699998,13.0,0.08362768
2006-02-14,240.74,0.0,-15.17,-20.63,-7.0,1016.4,87.195,0.74,31.0,0.1286708
2006-02-21,240.73,0.0,-11.28,-24.43,-4.49,1021.7,89.3125,0.29999998,20.0,0.103749245
2006-02-28,240.72,0.0,-22.25,-29.08,-12.57,1008.3,77.13,0.41,45.0,0.11786841
2006-03-07,240.7,0.0,-22.869999,-30.74,-12.62,1010.60004,71.675,0.66999996,59.0,0.14756578
2006-03-14,240.67,0.0,-7.5,-13.82,1.5,1038.5,73.76,1.39,102.0,0.63884664
2006-03-21,240.66,0.0,-10.19,-17.07,-4.79,1004.3,71.635,2.1299999,87.0,0.48534203
2006-03-28,240.64,0.0,-6.85,-9.03,-3.8,1005.5,74.925,1.9699999,84.0,0.55604225
2006-04-04,240.62,0.0,-3.6,-6.14,-0.74,1008.7,86.145004,0.76,66.0,0.5076151
2006-04-11,240.58,0.0,-0.87,-5.7999997,4.19,1007.3,79.23,1.0699999,154.0,1.3319627
2006-04-18,240.61,3.4,-0.19,-1.73,1.35,994.4,94.200005,0.84999996,69.0,0.6181666
2006-04-25,240.73,0.0,4.37,-1.75,10.08,1023.60004,68.310005,2.1,199.0,2.0751727
2006-05-02,240.95,0.0,6.39,-3.62,12.57,1026.3,44.255,1.9399999,212.0,2.3598602
2006-05-09,241.25,0.0,7.0499997,-1.02,14.92,1026.7001,52.18,1.31,216.0,2.4542608
2006-05-16,241.5,0.0,0.19,-6.3199997,5.67,1013.3,51.79,2.1399999,258.0,2.3200548
2006-05-23,241.39,3.9,9.0199995,5.3599997,13.29,1000.7,87.665,1.75,112.0,1.3659155
2006-05-30,241.29,0.0,7.62,5.33,11.679999,1004.9,70.705,3.02,165.0,1.9278688
2006-06-06,241.43,0.0,8.41,3.3899999,13.07,1022.8,58.785,1.27,182.0,2.1586347
2006-06-13,241.24,0.0,22.18,10.29,30.58,1006.7,48.315002,2.29,252.0,4.0947747
2006-06-20,241.14,8.8,18.18,13.179999,23.76,1006.5,80.905,2.27,177.0,2.6768823
2006-06-27,241.15,0.0,12.139999,2.54,18.789999,1012.10004,58.525,1.42,251.0,3.3112016
2006-07-04,241.09,0.0,14.16,12.179999,18.17,1015.2,63.41,2.4299998,224.0,3.0993216
2006-07-11,241.0,2.0,16.17,12.55,20.5,1010.5,63.675,2.29,229.0,3.31941
2006-07-18,240.89,0.0,10.33,4.47,16.1,1010.7,62.66,2.28,228.0,2.8705118
2006-07-25,240.76,0.0,12.179999,5.7,19.789999,1013.2,67.37,0.77,210.0,2.7718594
2006-08-01,240.62,0.0,16.8,6.06,24.17,1008.3,67.655,1.0699999,248.0,3.6456225
2006-08-08,240.45,0.0,17.8,11.73,23.55,1009.5,65.195,2.09,176.0,2.6392126
2006-08-15,240.28,0.0,14.599999,9.26,19.75,1012.60004,63.845,2.18,123.0,1.7209011
2006-08-22,240.35,0.0,14.82,6.97,22.51,1013.9,74.41,0.98999995,177.0,2.4875908
2006-08-29,240.09,9.400001,13.2699995,10.3,15.91,1002.0,92.07223,1.9599999,47.0,0.64010704
2006-09-05,240.04,0.0,11.21,7.83,14.809999,1001.9,90.200005,1.02,69.0,0.8926542
2006-09-12,240.06,1.0,13.799999,8.26,19.449999,1009.10004,77.35,1.5,98.0,1.3477829
2006-09-19,240.07,0.0,12.349999,7.73,17.529999,993.9,78.97,1.18,59.0,0.78834534
2006-09-26,240.08,0.0,4.8199997,2.06,7.72,1015.5,93.01429,0.62,75.0,0.79748434
2006-10-03,240.24,1.9,4.79,4.5,6.3399997,1002.3,92.350006,1.48,17.0,0.18183176
2006-10-10,240.51,0.0,1.29,-0.74,3.81,1024.3,92.16843,0.42,21.0,0.19582261
2006-10-17,240.7,0.0,1.17,-1.78,7.12,1002.7,76.305,1.77,25.0,0.23496345
2006-10-24,240.69,8.6,-7.22,-9.429999,-5.27,995.7,92.94546,1.6899999,20.0,0.13089858
2006-10-31,240.68,0.0,-10.88,-13.719999,-9.17,1009.8,88.485,1.37,8.0,0.04280853
2006-11-07,240.67,0.0,-5.6,-6.5099998,-4.61,985.0,92.91539,0.42999998,3.0,0.021391269
2006-11-14,240.66,2.6000001,-2.81,-5.18,-2.09,995.9,94.3,2.6699998,2.0,0.016057968
2006-11-21,240.84,9.8,0.63,-1.8299999,1.65,1000.3,94.200005,3.58,2.0,0.018437797
2006-11-28,241.04,0.0,-2.51,-6.04,4.4,1009.8,85.165,0.69,2.0,0.016123487
2006-12-05,241.11,8.7,-0.63,-1.7099999,-0.099999994,981.7,92.700005,2.08,1.0,0.00887159
2006-12-12,241.13,0.0,-1.04,-3.1899998,1.5799999,985.4,91.62222,1.93,1.0,0.008705969
2006-12-19,241.13,1.3000001,-19.38,-23.43,-14.509999,1010.60004,87.395004,1.0,1.0,0.0031853025
2006-12-26,241.1,0.0,0.049999997,-6.52,2.3,1000.8,71.31,3.6799998,1.0,0.009009682
2007-01-02,241.09,1.3000001,-4.99,-7.6099997,-4.37,982.2,94.86667,1.52,1.0,0.0073500555
2007-01-09,241.09,9.8,-3.79,-10.059999,0.74,974.10004,94.03334,2.07,1.5,0.0117037585
2007-01-16,241.08,12.8,-4.2599998,-5.85,-1.63,975.9,93.342865,2.36,4.0,0.030524865
2007-01-23,241.03,0.0,-28.529999,-31.929998,-25.539999,1009.7,75.345,1.22,6.0,0.00980278
2007-01-30,240.98,0.0,-21.82,-25.35,-9.559999,1006.2,81.86,0.28,12.0,0.032458376
2007-02-06,240.93,0.0,-26.25,-34.989998,-19.25,1010.60004,77.06,0.53,20.0,0.038967323
2007-02-13,240.88,1.7,-13.099999,-17.17,-10.7699995,1012.8,88.03,0.26,21.0,0.09889276
2007-02-20,240.86,0.0,-18.109999,-25.31,-13.599999,1029.5,80.365,1.78,42.0,0.14322704
2007-02-27,240.83,2.2,-8.19,-9.8,-6.39,1004.9,91.170006,0.96999997,21.0,0.13004741
2007-03-06,240.82,0.0,-10.17,-20.939999,-6.48,1017.60004,89.905556,0.5,42.0,0.23225208
2007-03-13,240.8,0.0,0.32,-4.17,3.01,1002.2,86.14,1.35,74.0,0.67326456
2007-03-20,240.82,0.0,-3.54,-6.5499997,0.81,994.9,87.355,1.39,64.0,0.49801528
2007-03-27,240.84,0.0,1.49,-9.24,11.24,1026.1,58.255,0.45,151.0,1.4173614
2007-04-03,240.87,0.0,-4.38,-5.9,1.8399999,1013.9,57.61,2.55,132.0,0.9767611
2007-04-10,240.9,3.7,-4.68,-13.19,0.14,994.7,82.9,3.61,119.0,0.8797303
2007-04-17,240.98,0.0,3.53,-1.27,8.23,1002.60004,55.495,2.3799999,171.0,1.7516822
2007-04-24,241.21,0.0,1.74,-4.25,7.93,1015.9,74.020004,1.87,193.0,1.8393642
2007-05-01,241.4,0.0,4.33,-1.4399999,10.16,1012.8,63.565002,1.7199999,129.0,1.3510422
2007-05-08,241.4,6.4,4.23,1.81,6.3599997,988.8,94.200005,1.6899999,110.0,1.1629213
2007-05-15,241.39,3.6000001,5.6299996,4.99,7.8799996,990.10004,94.200005,2.1,64.0,0.70812136
2007-05-22,241.39,1.4,8.349999,-0.32,15.91,1012.10004,56.24,1.56,254.0,3.0223646
2007-05-29,241.38,0.0,11.83,2.7,17.94,1020.10004,50.545002,2.09,275.0,3.587384
2007-06-05,241.29,0.0,17.449999,8.29,24.47,1024.5,49.670002,1.76,314.0,4.651641
2007-06-12,241.19,0.0,7.29,3.83,10.7,997.10004,79.1,1.3199999,192.0,2.2295282
2007-06-19,241.09,0.0,9.37,5.1099997,14.349999,1010.4,67.015,1.9399999,180.0,2.207219
2007-06-26,241.01,1.9,8.76,7.2,12.75,992.9,86.23,1.8299999,117.0,1.4215077
2007-07-03,240.99,0.0,17.72,8.69,24.109999,1011.2,69.63,0.88,302.0,4.518814
2007-07-10,241.03,4.3,9.09,6.89,10.21,1002.5,92.35715,0.93,82.0,1.0012019
2007-07-17,241.03,12.5,14.41,8.349999,20.26,1009.2,71.305,1.12,214.0,2.9849873
2007-07-24,240.97,0.0,15.719999,7.56,22.07,1001.7,72.96,1.31,140.0,2.0162706
2007-07-31,240.93,25.1,11.5,7.2999997,15.07,996.9,95.200005,1.52,96.0,1.2539726
2007-08-07,241.07,0.0,18.699999,9.469999,25.689999,1018.60004,74.275,1.64,259.0,3.9408655
2007-08-14,241.2,0.0,18.46,15.37,22.859999,1003.0,88.3,1.3199999,109.0,1.6593962
2007-08-21,241.17,0.0,11.11,2.1499999,18.369999,1021.60004,80.945,0.39999998,167.0,2.1367302
2007-08-28,241.12,0.0,6.2,2.48,11.389999,1005.9,86.165,0.45999998,110.0,1.2295232
2007-09-04,241.09,0.0,5.25,-0.53999996,11.69,1012.5,80.81,1.14,132.0,1.4259974
2007-09-11,241.06,4.4,4.75,0.29,8.74,1007.0,90.94211,0.96999997,84.0,0.8950539
2007-09-18,241.09,0.0,6.17,2.79,10.09,991.3,81.9,2.33,87.0,0.97869796
2007-09-25,241.19,0.0,10.73,8.67,13.679999,1001.8,84.96,2.9199998,79.0,1.0092576
2007-10-02,241.26,0.0,5.47,2.7,10.37,1016.4,92.5625,0.71,27.0,0.29321054
2007-10-09,241.25,0.0,-0.77,-3.03,5.16,1010.9,70.685,1.4,49.0,0.4246057
2007-10-16,241.24,7.6,2.96,-3.02,5.85,997.5,92.41838,1.78,30.0,0.30204025
2007-10-23,241.24,0.0,4.94,1.9699999,8.099999,1026.2001,94.200005,1.51,22.0,0.23357356
2007-10-30,241.24,0.0,3.1499999,1.18,6.25,998.7,92.12,1.4599999,11.0,0.11142339
2007-11-06,241.21,2.6000001,-1.5999999,-3.6,0.63,995.9,91.925,0.31,1.0,0.008452135
2007-11-13,241.19,0.0,-6.5699997,-8.559999,-2.51,1020.8,93.425,0.97999996,4.0,0.026560672
2007-11-20,241.17,0.0,-11.79,-14.65,-7.5,1012.9,88.33,0.63,2.0,0.010150352
2007-11-27,241.16,0.0,-14.17,-16.609999,-8.849999,1012.2,86.365005,0.37,2.0,0.008847425
2007-12-04,241.15,0.0,-6.5,-9.19,-5.02,996.8,94.075005,0.76,1.0,0.0067746523
2007-12-11,241.16,0.0,-17.97,-22.3,-10.61,1023.3,85.35,1.09,1.0,0.003459043
2007-12-18,241.15,0.0,2.6299999,-1.7199999,6.52,1024.8,78.28,1.39,1.0,0.0098000765
2007-12-25,241.14,0.0,-5.68,-12.059999,-0.66999996,1004.7,86.5,1.09,1.0,0.0070080296
2008-01-01,241.13,0.0,-17.41,-21.359999,-10.809999,1047.8,87.435,0.85999995,1.0,0.0035161423
2008-01-08,241.11,0.0,-2.74,-4.43,-2.18,1009.7,93.61667,1.0699999,2.0,0.015964963
2008-01-15,241.09,0.0,-1.16,-12.16,0.66999996,990.10004,94.350006,3.0,1.0,0.008638193
2008-01-22,241.06,0.0,-5.0499997,-7.94,-3.1,1010.10004,87.19,2.05,5.0,0.03596212
2008-01-29,241.03,0.0,-2.85,-7.0299997,-0.69,996.4,83.72,2.27,2.0,0.016025009
2008-02-05,241.02,1.9,-9.76,-23.63,-7.08,1013.3,92.925,1.36,6.0,0.034024935
2008-02-12,241.0,0.0,-1.54,-9.71,2.31,1016.10004,87.415,2.24,19.0,0.1589855
2008-02-19,240.98,0.90000004,-8.63,-14.259999,-4.25,1008.4,82.53,0.35999998,24.0,0.14493933
2008-02-26,240.96,0.0,-12.599999,-18.279999,-2.8899999,992.4,87.16,0.42,33.0,0.16251563
2008-03-04,240.94,0.0,-14.83,-19.21,-8.849999,998.4,85.295,0.45999998,47.0,0.20205386
2008-03-11,240.92,0.0,-0.71,-2.3799999,1.01,996.5,94.700005,0.63,45.0,0.39433968
2008-03-18,240.9,1.2,-6.91,-9.45,-3.74,1005.60004,89.33,0.57,72.0,0.47517097
2008-03-25,240.88,0.0,-13.28,-26.0,-2.78,999.0,66.01,0.78999996,106.0,0.49934015
2008-04-01,240.87,0.0,1.5,-3.6299999,7.6499996,1012.5,85.15,1.15,121.0,1.1450363
2008-04-08,240.85,0.0,-6.2799997,-7.6099997,-3.59,1010.8,73.295,2.26,118.0,0.8001625
2008-04-15,240.83,0.0,-3.6299999,-16.65,4.31,1015.3,74.9,1.24,193.0,1.476062
2008-04-22,240.91,0.0,0.90999997,-6.5899997,5.4,1021.5,58.485,0.87,196.0,1.8041016
2008-04-29,240.99,0.0,6.39,0.95,13.009999,1017.0,81.28,1.36,121.0,1.3531212
2008-05-06,241.16,0.0,0.83,-4.04,4.3199997,1020.7,76.35,1.28,167.0,1.5331293
2008-05-13,241.34,0.0,1.5799999,-3.33,6.29,1017.9,62.04,2.73,220.0,2.0817504
2008-05-20,241.49,2.1000001,1.6899999,-2.04,5.64,1019.0,84.65,0.88,189.0,1.7947096
2008-05-27,241.63,0.0,7.8399997,1.68,13.08,1017.2,54.085,2.31,216.0,2.525571
2008-06-03,241.58,0.0,12.99,1.5,22.24,1022.3,47.445,1.1899999,316.0,4.240002
2008-06-10,241.4,0.0,6.52,3.09,9.099999,1001.5,61.905003,2.46,169.0,1.9123317
2008-06-17,241.27,0.0,11.82,5.93,18.21,1004.9,77.725,1.5,274.0,3.596233
2008-06-24,241.32,19.5,11.11,8.95,13.07,993.3,93.700005,1.37,134.0,1.7354717
2008-07-01,241.37,9.900001,13.83,8.07,20.92,1012.8,82.955,1.27,249.0,3.4219272
2008-07-08,241.3,0.0,11.969999,3.9199998,17.97,1003.7,63.965,1.03,222.0,2.9263072
2008-07-15,241.22,5.5,13.83,10.38,18.59,1001.8,89.91,1.49,165.0,2.2773364
2008-07-22,241.17,5.0,13.799999,12.25,16.47,999.8,90.9,2.3799999,92.0,1.2698947
2008-07-29,241.12,0.0,14.13,4.8199997,21.56,1024.7001,73.1,0.59999996,248.0,3.416451
2008-08-05,241.09,0.0,8.389999,1.3,13.37,1014.9,75.725,0.91999996,194.0,2.3081002
2008-08-12,241.07,0.0,13.37,10.23,17.71,996.60004,88.525,0.84999996,137.0,1.8743432
2008-08-19,241.35,17.7,9.28,9.2,10.79,1003.7,95.200005,1.68,40.0,0.49074778
2008-08-26,241.4,3.5,9.8,7.81,12.69,1013.4,85.29,0.95,39.0,0.483352
2008-09-02,241.22,1.2,4.24,-1.06,8.429999,1004.9,82.405,0.52,80.0,0.8387964
2008-09-09,241.18,0.0,5.91,-0.81,12.809999,1025.3,83.29,0.48,106.0,1.1624824
2008-09-16,241.14,0.0,2.95,-3.49,9.03,1031.7001,86.445,0.69,78.0,0.77041686
2008-09-23,241.12,0.0,8.58,-0.03,15.009999,1020.5,72.47,1.65,88.0,1.0500637
2008-09-30,241.11,0.0,1.01,-3.83,6.2,999.2,83.135,0.39999998,71.0,0.66459596
2008-10-07,241.15,0.0,2.8999999,-2.6699998,8.83,1004.3,85.415,1.52,51.0,0.5104447
2008-10-14,241.19,2.4,3.54,1.17,4.2999997,993.5,91.50139,1.0,5.0,0.051491477
2008-10-21,241.21,0.0,4.0,1.8299999,8.04,981.7,85.21,1.9599999,18.0,0.18954147
2008-10-28,241.22,0.0,-2.8899999,-5.37,0.28,992.0,92.77143,0.39,20.0,0.1604277
2008-11-04,241.2,0.0,-1.03,-10.9,3.6999998,1010.10004,80.560005,1.6999999,10.0,0.08577974
2008-11-11,241.16,2.0,-0.14,-1.68,0.78999996,993.10004,95.200005,0.25,9.0,0.08085387
2008-11-18,241.12,0.0,-1.06,-4.93,0.53999996,978.3,90.950005,1.8299999,4.0,0.03494971
2008-11-25,241.06,3.0,-9.73,-12.2,-5.5299997,1002.3,89.094444,0.48,1.0,0.0057261987
2008-12-02,241.0,2.5,-15.059999,-20.699999,-9.33,1009.3,88.195,0.82,1.0,0.004202441
2008-12-09,240.94,0.0,-20.279999,-23.85,-8.16,1007.5,84.355,0.69,1.0,0.0030054545
2008-12-16,240.92,3.4,-1.91,-4.5499997,-0.83,1012.3,92.48889,1.68,1.0,0.008257876
2008-12-23,240.93,0.0,-9.98,-13.96,-5.45,1017.9,89.96111,0.38,1.0,0.005585472
2008-12-30,240.93,0.0,-4.5699997,-10.15,0.84,1012.4,86.275,1.22,1.0,0.0073427903
2009-01-06,240.91,0.0,-16.119999,-22.66,-7.44,993.2,85.35,1.02,1.0,0.0039890604
2009-01-13,240.89,0.0,-8.38,-10.94,1.5799999,992.9,80.26,1.52,1.5,0.00927958
2009-01-20,240.86,4.5,-10.16,-12.65,-7.91,1007.3,91.522224,2.34,2.0,0.011150386
2009-01-27,240.83,0.0,-7.3199997,-7.64,-7.04,1014.4,92.05334,1.38,7.0,0.0449898
2009-02-03,240.81,1.8000001,-8.61,-13.599999,-4.23,1006.3,91.789474,0.59999996,14.0,0.08476397
2009-02-10,240.78,0.0,-18.609999,-23.9,-13.78,995.0,84.925,0.93,19.0,0.064539246
2009-02-17,240.76,0.0,-24.98,-28.43,-16.9,1029.2001,75.65,0.31,33.0,0.06959112
2009-02-24,240.74,0.0,-8.67,-14.79,-2.79,1001.2,80.98,1.6899999,21.0,0.1272224
2009-03-03,240.72,0.0,-3.78,-4.37,-2.8799999,1003.2,92.9,2.1,40.0,0.30628082
2009-03-10,240.69,0.0,-8.29,-9.74,-6.24,1009.7,86.58,1.39,34.0,0.20875874
2009-03-17,240.67,0.0,-2.48,-7.04,4.74,1007.10004,73.455,0.85999995,90.0,0.7277392
2009-03-24,240.65,0.0,-10.32,-19.31,-3.76,1001.3,71.24,1.14,142.0,0.788399
2009-03-31,240.63,0.0,-2.83,-3.9199998,0.65,996.60004,86.42,1.61,126.0,1.0103205
2009-04-07,240.63,0.0,-5.43,-9.61,-0.68,1018.9,61.83,1.01,145.0,1.0184159
2009-04-14,240.62,0.0,-0.19999999,-4.47,4.41,1018.60004,72.795,1.93,165.0,1.4563334
2009-04-21,240.8,0.0,-0.19999999,-10.2699995,6.5299997,1019.8,57.725002,1.05,192.0,1.693432
2009-04-28,241.01,0.0,2.28,-0.76,4.25,1007.5,90.436844,0.78,150.0,1.4653705
2009-05-05,241.22,0.0,5.2999997,-0.34,10.42,1000.4,66.055,1.74,170.0,1.8510526
2009-05-12,241.44,0.0,6.04,-0.88,11.7699995,1020.2,58.41,2.04,187.0,2.0646794
2009-05-19,241.51,0.0,9.09,0.76,16.02,1016.9,59.96,1.41,156.0,1.8921976
2009-05-26,241.48,5.1,10.23,1.9699999,15.07,1003.9,50.725002,2.07,211.0,2.6572602
2009-06-02,241.49,2.5,6.85,-1.53,12.74,1009.8,60.09,1.2099999,212.0,2.41374
2009-06-09,241.38,0.0,9.48,3.98,16.109999,1014.3,67.975,1.88,237.0,2.9100242
2009-06-16,241.18,0.0,8.3,6.0899997,12.66,1003.7,77.57,2.52,182.0,2.1710176
2009-06-23,241.13,0.0,15.61,8.5199995,21.77,1023.4,61.285,0.91999996,250.0,3.5633826
2009-06-30,241.07,0.0,19.359999,9.2,27.46,1018.7,54.005,1.28,263.0,4.052067
2009-07-07,240.94,5.4,8.12,3.9499998,11.94,1006.7,80.46,1.6999999,167.0,1.9787835
2009-07-14,240.82,0.0,14.69,7.5899997,22.21,1008.3,78.445,0.81,206.0,2.8927886
2009-07-21,240.68,0.0,12.969999,8.42,18.13,996.4,74.92,1.66,135.0,1.8295127
2009-07-28,240.55,5.0,15.48,10.929999,21.289999,1008.5,83.345,1.25,164.0,2.343727
2009-08-04,240.44,0.0,15.299999,6.3999996,22.35,1022.2,73.53,0.79999995,194.0,2.747492
2009-08-11,240.34,7.5,15.42,13.03,20.439999,1003.2,90.1,0.96999997,125.0,1.7875363
2009-08-18,240.25,3.0,8.24,1.64,15.48,1006.4,82.89,0.88,164.0,1.950383
2009-08-25,240.19,0.0,10.32,2.61,17.88,1012.9,79.105,0.96999997,161.0,2.0244744
2009-09-01,240.23,0.0,13.38,6.99,18.24,999.2,75.46,1.8199999,103.0,1.4080496
2009-09-08,240.5,0.0,10.099999,4.62,16.199999,1006.10004,80.555,1.7199999,87.0,1.0907177
2009-09-15,240.77,0.0,10.86,0.45,20.289999,1018.0,70.340004,0.78999996,116.0,1.4766682
2009-09-22,240.75,4.5,7.18,2.49,12.219999,993.7,86.055,1.8499999,64.0,0.7419333
2009-09-29,240.72,0.0,1.16,-3.98,6.87,990.10004,75.78,1.48,68.0,0.64356506
2009-10-06,240.7,4.8,-4.2599998,-10.37,4.41,1005.9,70.825,0.96,57.0,0.42634508
2009-10-13,240.67,0.0,-7.7599998,-13.41,0.82,1026.8,81.105,0.34,49.0,0.30536678
2009-10-20,240.68,0.0,-3.34,-7.77,0.24,1012.0,92.00588,0.37,33.0,0.25620705
2009-10-27,240.71,1.7,-0.71999997,-1.6899999,-0.03,1011.8,93.575005,0.28,6.0,0.052069984
2009-11-03,240.74,0.0,2.57,1.42,3.32,1006.0,88.465004,2.49,3.0,0.029643524
2009-11-10,240.78,0.0,-11.34,-16.92,-6.41,1022.8,89.355,0.38,5.0,0.025829453
2009-11-17,240.84,1.9,0.56,-0.29999998,1.77,1009.7,94.700005,1.55,3.0,0.027429553
2009-11-24,240.93,0.0,-1.87,-3.4399998,-1.12,991.60004,94.36667,0.83,1.0,0.008379969
2009-12-01,241.01,0.0,-11.96,-16.97,-7.1499996,995.10004,90.185005,0.44,1.5,0.0076440647
2009-12-08,240.97,0.0,0.19,-0.78,0.22,1019.0,92.41818,1.01,1.0,0.008962233
2009-12-15,240.94,0.0,-15.589999,-21.22,-11.17,1023.9,84.755005,0.84999996,1.0,0.0040207645
2009-12-22,240.91,2.7,-15.75,-20.8,-9.01,995.3,85.285,0.48,1.0,0.004074481
2009-12-29,240.88,0.0,-19.4,-26.199999,-12.2699995,1001.8,78.85,0.42,1.0,0.0032049234
2010-01-05,240.84,0.0,-24.769999,-26.92,-19.699999,1011.5,76.075005,0.28,1.0,0.0021758138
2010-01-12,240.78,0.0,-6.94,-10.79,-2.49,1019.2,91.51579,1.31,2.0,0.013055313
2010-01-19,240.75,0.0,-6.14,-7.0899997,-4.31,1028.7001,88.63334,1.9799999,2.0,0.013488222
2010-01-26,240.74,5.1,-4.77,-7.31,-3.28,1031.0,91.25,2.2,9.0,0.06467678
2010-02-02,240.72,7.4,-14.719999,-27.76,-9.16,1004.3,87.215004,1.77,9.0,0.038764507
2010-02-09,240.69,0.0,-12.98,-15.44,-9.5,1018.5,87.33,0.29999998,15.0,0.07081803
2010-02-16,240.67,0.0,-14.94,-19.35,-8.09,1014.2,85.465004,0.37,29.0,0.12228276
2010-02-23,240.65,0.0,-27.099998,-30.65,-19.32,999.8,72.925,0.75,43.0,0.07927074
2010-03-02,240.63,3.9,-6.72,-7.3199997,-6.02,999.60004,84.5,4.0899997,43.0,0.28764412
2010-03-09,240.6,0.0,-8.04,-14.5199995,-2.3,1008.2,68.53,0.75,85.0,0.5291656
2010-03-16,240.58,0.0,-16.72,-24.859999,-6.15,1007.10004,75.65,0.63,88.0,0.3342312
2010-03-23,240.57,0.0,-7.0899997,-13.99,0.24,1008.8,64.945,1.18,139.0,0.9071955
2010-03-30,240.56,0.0,-4.7,-7.3599997,-1.43,1003.0,82.18,0.85999995,93.0,0.68307304
2010-04-06,240.6,0.0,0.65999997,-4.38,6.0,1024.7001,70.3,0.39999998,104.0,0.94627714
2010-04-13,240.64,0.0,2.76,-2.28,7.0099998,1016.3,70.625,1.65,171.0,1.6916463
2010-04-20,240.74,0.0,0.089999996,-7.47,6.0899997,1008.9,66.325005,0.71999997,175.0,1.5715747
2010-04-27,240.87,0.0,3.09,1.1899999,6.3599997,1007.60004,54.760002,3.03,175.0,1.7602364
2010-05-04,241.03,0.0,0.56,-7.23,6.0699997,1017.9,61.285,1.0799999,201.0,1.8289714
2010-05-11,241.21,0.0,4.62,2.86,7.5099998,1011.2,79.805,1.9699999,114.0,1.2067599
2010-05-18,241.32,2.4,16.699999,10.29,22.15,1022.10004,78.745,1.04,185.0,2.700675
2010-05-25,241.36,12.2,8.179999,3.3999999,10.74,996.60004,92.92941,1.78,112.0,1.3358072
2010-06-01,241.41,0.0,8.73,3.33,13.62,1018.9,51.115,1.14,289.0,3.4661365
2010-06-08,241.51,0.0,8.0199995,0.69,12.96,1012.8,55.225002,0.87,232.0,2.7329469
2010-06-15,241.19,0.0,9.05,5.48,12.75,1017.3,65.29,1.61,196.0,2.374228
2010-06-22,241.23,0.0,8.92,2.3,14.91,1011.3,61.705,2.57,204.0,2.4687467
2010-06-29,241.27,7.9,14.049999,4.62,20.97,1014.7,66.69,1.22,271.0,3.7407537
2010-07-06,241.24,0.0,18.08,11.04,23.15,1008.2,64.325,1.4,259.0,3.9071183
2010-07-13,241.2,0.0,15.549999,12.29,23.449999,1012.5,71.17,1.12,171.0,2.443906
2010-07-20,241.19,0.0,14.16,7.95,19.42,1008.60004,67.705,1.64,168.0,2.3304317
2010-07-27,241.18,5.8,17.74,14.34,22.519999,1009.4,90.875,1.36,121.0,1.8123531
2010-08-03,241.18,0.0,15.0,8.69,20.26,1007.8,75.485,0.88,174.0,2.4609947
2010-08-10,241.17,0.0,14.4,10.11,18.92,1010.5,80.205,1.0799999,72.0,1.0035638
2010-08-17,241.18,0.0,10.389999,1.42,17.82,1014.5,73.305,0.65,214.0,2.6941333
2010-08-24,241.24,0.0,7.47,4.44,11.08,1003.4,76.03,1.42,106.0,1.2338216
2010-08-31,240.97,2.9,6.64,3.62,11.259999,1007.7,87.92,1.41,85.0,0.9624673
2010-09-07,240.93,0.0,9.86,0.57,18.44,1023.9,78.845,0.39999998,159.0,1.9646564
2010-09-14,240.89,3.8,8.11,0.45999998,13.53,1002.4,88.16,1.6899999,52.0,0.61722267
2010-09-21,240.98,2.9,5.95,0.84999996,9.78,1010.9,90.625,0.41,49.0,0.54197985
2010-09-28,241.11,0.0,4.5899997,-1.52,11.69,1023.0,82.245,0.47,78.0,0.8197623
2010-10-05,241.12,0.0,8.57,8.17,9.639999,1014.9,84.75,3.1699998,21.0,0.25116235
2010-10-12,241.08,0.0,0.22,-4.96,5.17,1007.3,63.015,2.51,60.0,0.5421097
2010-10-19,241.08,7.6,4.45,1.03,7.49,992.2,89.23,2.4099998,14.0,0.14884023
2010-10-26,241.1,0.0,-4.24,-7.72,0.11,1014.0,92.683334,0.42,29.0,0.21595278
2010-11-02,241.12,8.1,-1.1899999,-3.24,0.77,999.2,81.67,2.12,12.0,0.10294881
2010-11-09,241.14,0.0,-18.21,-20.9,-14.69,1010.2,84.165,1.05,3.0,0.010327708
2010-11-16,241.15,0.0,-15.82,-19.31,-10.09,1019.9,83.945,0.84999996,8.0,0.03181318
2010-11-23,241.1,0.0,-14.86,-19.609999,-8.25,1021.9,87.005005,0.56,2.5,0.010528287
2010-11-30,241.04,0.0,-18.89,-20.88,-15.03,1024.3,83.57,1.3,1.0,0.0032533915
2010-12-07,240.98,0.0,-9.24,-11.69,-4.62,993.7,86.20556,0.22999999,1.0,0.0059137023
2010-12-14,240.92,0.0,-19.4,-25.07,-16.49,1028.9,85.965004,1.29,1.0,0.0031325012
2010-12-21,240.88,2.8,-12.32,-15.65,-9.969999,1009.0,85.98,1.26,1.0,0.0049398895
2010-12-28,240.84,0.0,-28.369999,-30.32,-21.0,1034.4,74.155,0.90999997,1.0,0.0016179812
2011-01-04,240.81,0.0,-29.179998,-31.59,-17.84,1015.7,71.395004,1.13,1.0,0.0015430235
2011-01-11,240.79,0.0,-18.609999,-22.15,-6.8799996,996.2,83.855,1.0699999,2.0,0.0067866803
2011-01-18,240.77,0.0,-11.889999,-16.14,-7.6099997,1007.8,89.81053,1.02,3.0,0.015199133
2011-01-25,240.75,0.0,-19.689999,-23.35,-9.5199995,1007.8,82.93,1.1,7.0,0.021890035
2011-02-01,240.73,1.4,-7.7799997,-12.2,0.38,996.9,90.865005,0.66999996,17.0,0.10810498
2011-02-08,240.69,0.0,-14.639999,-17.699999,-10.71,986.7,82.83,1.02,14.0,0.061458368
2011-02-15,240.65,0.0,-31.4,-35.21,-25.18,1029.1,69.08,1.53,30.0,0.038169943
2011-02-22,240.61,0.0,-22.32,-28.38,-13.34,1030.1,76.69,0.79999995,49.0,0.12532231
2011-03-01,240.58,0.0,-6.83,-15.179999,-0.90999997,1023.5,82.065,1.65,68.0,0.44497162
2011-03-08,240.58,0.0,1.73,-2.09,4.38,996.60004,74.905,2.54,64.0,0.6164671
2011-03-15,240.57,0.0,-10.809999,-20.82,-2.61,1032.6,66.28,1.53,103.0,0.5439668
2011-03-22,240.59,0.0,0.84,-1.39,4.52,996.8,60.025,2.76,117.0,1.0896115
2011-03-29,240.62,0.0,-10.2699995,-21.449999,-1.13,1001.10004,66.43,0.26999998,148.0,0.82405555
2011-04-05,240.63,0.0,1.02,-4.13,7.44,999.9,79.4,0.68,142.0,1.3291558
2011-04-12,240.65,0.0,0.32999998,-2.57,4.2599998,1005.9,93.833336,1.5899999,95.0,0.8627697
2011-04-19,240.85,0.0,2.26,-4.68,8.309999,1019.7,49.975002,1.22,213.0,2.0651433
2011-04-26,241.19,0.0,6.7799997,2.78,11.03,1017.60004,64.67,2.78,191.0,2.161619
2011-05-03,241.39,0.0,-0.42999998,-2.1399999,1.63,1020.4,70.4,1.64,81.0,0.70758116
2011-05-10,241.41,0.0,6.54,-0.83,12.7699995,1031.6,61.32,0.81,235.0,2.621516
2011-05-17,241.43,2.8,5.62,3.27,9.08,996.4,88.52631,1.01,135.0,1.4883827
2011-05-24,241.42,3.5,7.5299997,1.26,12.0199995,995.3,83.465004,2.37,177.0,2.0720818
2011-05-31,241.44,13.3,7.5,1.1999999,12.19,1012.3,77.835,1.5899999,213.0,2.4709022
2011-06-07,241.59,0.0,18.74,11.32,24.869999,1007.4,64.295,3.05,200.0,3.0567036
2011-06-14,241.31,0.0,11.84,7.2799997,16.4,1012.8,56.425,1.17,237.0,3.1019077
2011-06-21,241.29,25.800001,11.03,10.5,11.78,986.4,90.405,1.66,43.0,0.5574123
2011-06-28,241.35,0.0,17.66,9.05,23.59,1017.60004,65.08,2.04,194.0,2.8930047
2011-07-05,241.3,0.0,15.08,5.77,21.33,1016.10004,59.91,1.05,244.0,3.4464886
2011-07-12,241.19,0.0,13.5199995,11.54,16.51,1007.3,82.26,2.2,116.0,1.5859354
2011-07-19,241.16,3.2,16.65,13.309999,20.5,1002.3,85.840004,2.21,175.0,2.5699704
2011-07-26,241.17,6.5,16.27,13.44,20.199999,1014.10004,88.635,1.18,147.0,2.1325805
2011-08-02,241.16,0.0,16.699999,8.61,23.21,1019.8,74.235,1.64,258.0,3.7694016
2011-08-09,241.13,6.0,8.72,7.0099998,10.28,994.4,92.44737,2.48,97.0,1.1763439
2011-08-16,241.1,0.0,12.58,8.11,16.73,1017.5,82.49,1.7199999,98.0,1.3042355
2011-08-23,241.17,2.9,13.29,12.15,16.55,1017.3,90.675,0.83,95.0,1.2865785
2011-08-30,241.23,0.0,10.17,3.74,16.06,1000.10004,83.405,0.78,116.0,1.4609509
2011-09-06,241.3,3.9,13.23,12.799999,14.509999,1002.7,90.425,2.87,32.0,0.435278
2011-09-13,241.36,10.6,11.599999,10.58,12.96,985.5,91.816666,1.68,30.0,0.39478135
2011-09-20,241.4,19.0,6.2,4.0299997,8.55,1008.9,92.48889,1.8499999,55.0,0.61383677
2011-09-27,241.42,15.6,6.21,4.74,9.929999,1004.0,91.87,2.12,57.0,0.637927
2011-10-04,241.41,3.8,6.24,0.38,9.65,987.0,90.865005,1.6999999,29.0,0.32766438
2011-10-11,241.39,0.0,1.26,-0.9,3.1299999,985.4,91.64616,0.87,30.0,0.28578302
2011-10-18,241.36,18.7,4.2599998,0.42999998,6.62,992.7,92.583336,3.1799998,7.0,0.07392455
2011-10-25,241.34,0.0,-1.42,-2.9099998,-0.45,1024.2001,92.200005,0.74,29.0,0.24267212
2011-11-01,241.33,6.8,2.87,-1.1,5.54,1003.3,94.03334,0.95,16.0,0.16005623
2011-11-08,241.32,0.0,2.7,-0.48,5.79,1020.3,88.315,0.29999998,3.0,0.029548345
2011-11-15,241.31,0.0,-1.78,-7.3199997,-0.19999999,1017.5,84.06,0.35999998,4.0,0.033106145
2011-11-22,241.28,0.0,-4.11,-7.24,-2.69,1019.3,92.4,0.84,4.0,0.029859316
2011-11-29,241.25,4.2000003,-7.91,-16.72,-0.06,1000.7,90.44667,1.55,1.0,0.0063003753
2011-12-06,241.24,0.0,-3.9099998,-5.6099997,-2.36,976.3,93.450005,0.34,1.0,0.0077496176
2011-12-13,241.23,8.6,-4.33,-13.88,-1.56,988.5,92.68,1.24,1.0,0.00754293
2011-12-20,241.22,0.0,-11.62,-13.07,-4.5099998,999.9,91.131256,0.88,1.0,0.0051749395
2011-12-27,241.21,0.0,-4.75,-9.36,-2.54,983.2,91.65385,2.45,1.0,0.0074265236
2012-01-03,241.19,6.0,-3.74,-4.97,-3.3,993.2,92.55,3.24,1.0,0.0077213096
2012-01-10,241.17,3.4,-13.509999,-19.89,-8.79,1008.9,89.53,0.39999998,2.0,0.009223609
2012-01-17,241.14,0.0,-13.29,-17.26,-8.74,1021.0,88.115005,1.05,3.0,0.013883213
2012-01-24,241.11,0.0,-16.99,-21.32,-13.309999,1021.60004,84.32,1.38,8.0,0.029516054
2012-01-31,241.08,0.0,-17.949999,-21.029999,-14.46,1050.7001,84.755,0.32,6.0,0.020322481
2012-02-07,241.03,0.0,-26.34,-34.52,-20.93,1042.1,75.475,1.35,20.0,0.03763173
2012-02-14,240.99,3.4,-7.98,-12.74,-6.42,990.60004,91.86471,1.38,19.0,0.12015497
2012-02-21,240.96,0.0,-4.02,-9.04,-0.03,989.60004,84.21,2.34,26.0,0.1987301
2012-02-28,240.93,0.0,-3.3799999,-8.5,0.42999998,992.3,90.64,1.9699999,39.0,0.30615038
2012-03-06,240.92,0.0,-9.49,-16.14,-4.52,1029.3,88.052635,1.53,75.0,0.42646852
2012-03-13,240.91,0.0,-3.31,-7.3599997,0.48999998,1004.3,67.425,3.01,81.0,0.6328499
2012-03-20,240.9,0.0,-7.21,-16.9,-0.17999999,1006.60004,77.95,0.5,109.0,0.7082734
2012-03-27,240.89,0.0,2.49,-0.52,4.89,1009.60004,80.130005,2.0,68.0,0.66862714
2012-04-03,240.91,0.0,-8.0199995,-16.24,-1.22,1003.10004,70.285,0.84,149.0,0.9319357
2012-04-10,240.94,9.5,-2.49,-6.33,-0.75,1001.0,93.55334,2.6299999,114.0,0.9249882
2012-04-17,240.98,0.0,-2.2,-8.57,1.65,1008.2,62.345,2.47,145.0,1.185783
2012-04-24,241.06,3.1000001,0.68,-1.23,1.9499999,1008.10004,94.28334,0.88,72.0,0.6620044
2012-05-01,241.14,0.0,1.41,-2.2,4.75,1019.0,55.905003,2.27,209.0,1.9637582
2012-05-08,241.28,0.0,3.8799999,-2.1699998,8.57,1014.2,61.39,2.2,285.0,2.9368293
2012-05-15,241.41,0.0,7.79,2.04,13.059999,1008.7,72.47,2.37,246.0,2.8836958
2012-05-22,241.43,0.0,6.2,-1.62,11.11,1028.1,56.66,1.41,229.0,2.5314226
2012-05-29,241.45,0.0,5.97,2.28,10.24,1003.8,57.22,2.75,250.0,2.7769227
2012-06-05,241.39,4.4,7.8799996,6.2999997,12.37,1006.60004,83.28,1.3299999,171.0,2.0119228
2012-06-12,241.38,1.9,11.84,7.0,16.3,1002.8,75.265,1.18,215.0,2.8257875
2012-06-19,241.35,0.0,10.59,9.66,13.16,1005.9,87.450005,1.6899999,88.0,1.1180483
2012-06-26,241.3,0.0,13.36,10.429999,17.039999,1002.8,77.91,1.77,157.0,2.1421483
2012-07-03,241.26,0.0,12.719999,6.94,17.369999,1015.3,66.23,1.75,161.0,2.152033
2012-07-10,241.25,0.0,11.84,2.9299998,18.35,1007.3,65.07,1.15,269.0,3.52885
2012-07-17,241.22,0.0,13.88,6.75,19.73,1000.0,65.545,1.2099999,217.0,3.0006597
2012-07-24,241.15,0.0,15.259999,9.139999,20.07,1007.5,56.505,2.47,219.0,3.1157668
2012-07-31,241.07,0.0,17.38,14.929999,21.76,1005.60004,86.39,1.9,109.0,1.6229767
2012-08-07,240.94,0.0,12.41,8.679999,15.2699995,1004.5,80.825005,1.7099999,114.0,1.5188451
2012-08-14,240.89,0.0,16.72,7.8599997,23.57,1022.4,73.630005,1.12,215.0,3.1396084
2012-08-21,240.91,0.0,10.88,6.62,14.54,1009.0,89.865005,1.37,107.0,1.3681296
2012-08-28,240.94,0.0,8.059999,5.5299997,12.84,1015.4,92.316666,0.87,102.0,1.2015039
2012-09-04,241.03,7.8,8.36,0.35999998,12.58,999.2,91.14,1.22,109.0,1.3052667
2012-09-11,241.14,8.900001,10.91,7.72,11.82,999.8,87.0475,2.03,34.0,0.43681455
2012-09-18,241.22,0.0,8.179999,5.0299997,12.7699995,997.10004,83.11,1.75,82.0,0.9777696
2012-09-25,241.27,0.0,0.53999996,-2.27,4.54,1017.3,87.3,0.77,39.0,0.3547224
2012-10-02,241.32,2.4,6.5499997,5.22,7.6699996,1004.3,92.95278,0.71999997,22.0,0.24882913
2012-10-09,241.35,3.2,3.77,3.34,4.67,999.5,93.450005,0.89,26.0,0.26902187
2012-10-16,241.37,2.3,-0.94,-1.26,0.17999999,1004.9,94.137505,1.1999999,30.0,0.25911248
2012-10-23,241.31,0.0,-5.02,-11.25,-0.089999996,1015.5,89.42105,1.0799999,26.0,0.18658862
2012-10-30,241.25,21.4,-2.9399998,-12.38,1.23,997.9,93.24167,2.3799999,10.0,0.079735376
2012-11-06,241.29,2.5,-9.389999,-13.59,-5.65,989.3,92.75556,0.42,8.0,0.04709232
2012-11-13,241.34,0.0,-7.62,-9.46,-1.51,1013.0,82.240005,0.52,8.0,0.050699785
2012-11-20,241.33,0.0,-8.67,-11.67,-3.1499999,1007.60004,89.052635,0.31,3.5,0.021105517
2012-11-27,241.3,0.0,-6.45,-9.3,-4.16,1024.3,92.07333,0.45,2.0,0.013326378
2012-12-04,241.25,1.4,-19.38,-23.8,-15.44,1006.9,86.405266,1.11,1.0,0.0031953114
2012-12-11,241.19,1.1,-13.11,-16.44,-9.03,1026.2001,88.905,0.26,1.0,0.004657892
2012-12-18,241.15,1.9,-8.15,-11.07,-4.75,1029.0,92.62727,1.31,1.0,0.006099824
2012-12-25,241.14,1.5,-25.55,-31.33,-20.85,997.10004,78.340004,0.84,1.0,0.002079507
2013-01-01,241.13,1.4,-1.04,-2.11,-1.18,988.9,93.26,0.90999997,1.0,0.008687089
2013-01-08,241.08,0.0,-10.11,-16.73,-7.2599998,1011.3,89.672226,0.61,2.0,0.011147291
2013-01-15,241.04,0.0,-12.19,-19.26,-11.13,1020.60004,87.37369,1.0699999,3.0,0.014797663
2013-01-22,241.03,0.0,-9.059999,-12.219999,-3.98,1006.3,86.880005,0.32999998,3.0,0.017744012
2013-01-29,241.02,2.4,-8.87,-11.2699995,-4.16,988.9,91.54706,1.18,8.0,0.048400816
2013-02-05,240.98,1.4,-6.0,-7.44,-3.31,994.10004,92.74167,2.1299999,9.0,0.062573716
2013-02-12,240.94,0.0,-14.63,-19.779999,-9.67,1030.8,89.755005,1.0,10.0,0.042405747
2013-02-19,240.91,0.0,-12.259999,-15.61,-4.45,1030.8,87.175,0.63,34.0,0.16574942
2013-02-26,240.88,0.0,3.35,0.02,7.85,1014.10004,72.43,2.03,45.0,0.4552068
2013-03-05,240.85,9.400001,-10.639999,-21.55,-6.42,1002.60004,88.063156,1.11,42.0,0.22895177
2013-03-12,240.83,0.0,-18.25,-24.199999,-8.5199995,1007.9,70.87,0.72999996,71.0,0.24425428
2013-03-19,240.8,0.0,-15.059999,-23.74,-9.25,1030.9,61.21,1.23,96.0,0.3965585
2013-03-26,240.78,0.0,-7.74,-18.72,-0.53999996,1017.9,70.340004,1.37,131.0,0.82234985
2013-04-02,240.75,0.0,-3.11,-7.46,1.01,1009.9,62.545002,2.74,147.0,1.1544771
2013-04-09,240.72,0.0,-6.2999997,-17.289999,1.56,1011.0,62.98,1.16,173.0,1.1718234
2013-04-16,240.73,0.0,3.7099998,-0.55,10.7,1007.8,87.1,1.7199999,144.0,1.4802147
2013-04-23,240.97,3.2,0.95,-0.04,1.88,992.4,94.700005,2.1,74.0,0.6938517
2013-04-30,241.22,5.2000003,0.84999996,-0.22999999,2.58,998.9,80.237854,1.0,94.0,0.8746712
2013-05-07,241.4,0.0,6.8999996,3.36,10.66,1012.2,58.88,3.04,201.0,2.2893496
2013-05-14,241.58,11.1,5.58,3.09,7.97,1006.5,94.200005,2.09,116.0,1.2706583
2013-05-21,241.52,0.0,12.48,5.79,17.66,1013.9,69.085,1.9599999,168.0,2.2335608
2013-05-28,241.42,0.0,17.279999,8.139999,23.0,1020.2,59.31,1.38,261.0,3.8587954
2013-06-04,241.28,0.0,8.48,6.6099997,13.25,1024.6,86.61,2.97,121.0,1.4368864
2013-06-11,241.28,0.0,9.059999,6.02,12.73,1009.9,61.59,2.1399999,187.0,2.2735453
2013-06-18,241.26,0.0,9.37,7.0899997,12.219999,1012.3,81.575005,2.07,178.0,2.180813
2013-06-25,241.2,0.0,18.529999,12.96,23.699999,1014.4,67.98,1.62,228.0,3.4626029
2013-07-02,241.15,2.0,13.88,13.4,16.42,1001.7,92.91667,2.37,127.0,1.754976
2013-07-09,241.11,4.1,10.46,5.04,16.19,1010.0,91.35,1.3399999,111.0,1.4028335
2013-07-16,241.1,15.900001,9.82,7.3399997,12.83,1001.2,92.005005,1.92,186.0,2.319139
2013-07-23,241.09,0.0,14.0,5.87,20.1,1023.3,63.015,1.77,264.0,3.6277552
2013-07-30,241.08,1.9,16.31,14.25,20.25,1011.0,90.51053,1.15,91.0,1.3227615
2013-08-06,241.0,0.0,16.0,7.41,22.51,1013.4,75.48,1.49,197.0,2.8422022
2013-08-13,240.91,0.0,13.41,4.0499997,20.05,1004.7,77.705,0.79999995,177.0,2.4160848
2013-08-20,240.93,0.0,11.389999,3.6399999,17.85,1013.0,81.855,1.24,153.0,1.9792517
2013-08-27,240.85,0.0,16.42,12.61,21.56,1011.3,68.965004,1.8399999,180.0,2.6222663
2013-09-03,240.78,0.0,10.82,5.5099998,16.93,1014.7,86.76,0.55,100.0,1.2734481
2013-09-10,240.72,0.0,10.75,5.0299997,16.8,1018.0,87.08,1.67,99.0,1.2565663
2013-09-17,240.72,1.7,10.41,8.38,13.849999,1006.7,90.445,1.9399999,50.0,0.63197124
2013-09-24,240.9,0.0,2.6699998,0.96999997,5.23,1018.3,82.735,2.1299999,54.0,0.53187823
2013-10-01,241.07,0.0,3.27,-1.62,5.27,1021.8,87.97,1.38,41.0,0.41184416
2013-10-08,241.1,1.2,2.69,-4.04,9.99,1010.10004,90.97895,0.56,41.0,0.4059643
2013-10-15,241.13,0.0,-0.28,-4.38,4.2599998,1005.0,71.815,1.91,34.0,0.30157992
2013-10-22,241.13,5.1,-2.98,-11.179999,0.39999998,1012.3,89.64445,1.6999999,18.0,0.14195378
2013-10-29,241.13,0.0,0.75,-0.55,3.72,975.5,83.42667,0.59,15.0,0.14098006
2013-11-05,241.13,1.9,-3.29,-4.02,-1.9799999,983.7,93.29778,0.55,4.0,0.031702533
2013-11-12,241.13,0.0,-4.23,-8.55,-1.5799999,999.3,92.75,1.01,9.0,0.06770494
2013-11-19,241.11,0.0,-11.389999,-13.91,-0.64,992.8,91.5,0.89,5.0,0.026351213
2013-11-26,241.06,3.3,-3.55,-14.38,0.95,1001.9,90.56111,1.61,2.0,0.015485003
2013-12-03,241.03,0.0,-1.2099999,-7.49,2.87,991.0,79.205,2.79,1.1428572,0.009846513
2013-12-10,241.0,3.5,-7.3199997,-22.93,-3.3799999,1009.0,92.8125,1.48,1.1470588,0.0074003185
2013-12-17,241.02,0.0,-5.2999997,-9.37,0.89,996.4,91.933334,0.42,1.3529412,0.009707509
2013-12-24,241.06,11.7,-12.12,-21.05,-2.62,990.10004,89.611115,1.12,1.5588236,0.007903153
2013-12-31,241.09,6.4,-10.82,-16.449999,-5.2999997,1007.2,91.98572,0.42999998,1.7647059,0.00949274
2014-01-07,241.06,3.1000001,-1.18,-2.58,-0.71999997,996.8,94.950005,0.75,1.9705882,0.016937874
2014-01-14,241.03,0.0,-24.31,-29.06,-17.279999,1022.8,81.665,1.36,4.0,0.008914714
2014-01-21,241.0,0.0,-19.97,-29.64,-15.429999,1030.6,86.805,1.67,5.0,0.01504993
2014-01-28,240.96,1.6,-11.08,-12.23,-10.03,1033.0,90.71111,1.05,8.0,0.041611332
2014-02-04,240.93,0.0,-4.74,-9.059999,-1.3299999,1014.4,92.316666,1.0,17.0,0.12368824
2014-02-11,240.9,2.5,-0.77,-1.23,-0.26999998,1001.5,94.08889,1.18,15.0,0.13072751
2014-02-18,240.9,0.7,-3.04,-4.49,-0.95,1000.7,94.200005,0.26,17.0,0.13471697
2014-02-25,240.91,0.0,2.25,-0.25,6.25,1007.9,83.21,2.1,38.0,0.37073594
2014-03-04,240.93,0.0,-2.56,-7.08,-1.31,1012.60004,93.100006,0.9,40.0,0.32120454
2014-03-11,240.94,0.0,1.36,0.0,3.78,1014.3,70.57,2.76,65.0,0.6112233
2014-03-18,240.95,0.0,-13.88,-20.35,-5.65,1001.10004,74.62,0.48999998,83.0,0.37684476
2014-03-25,240.96,0.0,-5.72,-13.23,1.65,1024.6,65.965004,1.37,143.0,0.98682284
2014-04-01,240.96,0.0,-5.66,-12.82,1.36,1012.9,65.315,1.17,143.0,0.9975145
2014-04-08,240.96,0.0,-4.65,-10.9,-0.34,1018.5,57.915,0.95,138.0,1.0055038
2014-04-15,240.96,0.0,-0.03,-3.61,3.9199998,1012.3,58.105,3.01,162.0,1.4449993
2014-04-22,241.19,0.0,2.3899999,1.28,6.0299997,1021.8,53.975002,2.96,194.0,1.8877321
2014-04-29,241.43,0.0,0.52,-2.18,5.94,1003.10004,77.08,2.97,154.0,1.4113351
2014-05-06,241.5,0.0,-0.089999996,-6.1,3.9199998,1021.2,61.780003,1.42,225.0,1.9915885
2014-05-13,241.55,0.0,5.0099998,-0.21,9.19,1008.2,70.585,2.45,183.0,1.9656856
2014-05-20,241.53,0.0,13.009999,10.28,18.71,1009.2,84.380005,1.12,91.0,1.2280557
2014-05-27,241.5,0.0,7.69,3.54,11.679999,1031.7001,59.31,1.86,212.0,2.4506981
2014-06-03,241.44,0.0,14.42,4.49,20.859999,1022.10004,57.275,1.73,290.0,4.02608
2014-06-10,241.37,2.5,10.95,9.599999,12.91,1021.10004,92.96471,0.32999998,141.0,1.7968197
2014-06-17,241.34,0.0,4.4,-2.46,8.2699995,1007.60004,72.56,1.28,225.0,2.368593
2014-06-24,241.19,0.0,10.01,6.98,13.04,1016.9,57.865,2.06,234.0,2.912435
2014-07-01,241.06,0.0,14.809999,5.0499997,21.93,1013.3,61.735,0.91999996,215.0,3.0216513
2014-07-08,241.02,0.0,21.779999,11.01,28.81,1021.4,59.920002,0.74,241.0,3.873373
2014-07-15,240.98,0.0,20.16,16.46,24.63,1008.9,77.16,1.42,164.0,2.5720928
2014-07-22,240.91,0.0,23.269999,14.0,30.349998,1021.4,59.125,0.88,236.0,3.886716
2014-07-29,240.84,3.1000001,12.889999,11.2,17.06,1010.8,89.052635,1.4699999,139.0,1.8691388
2014-08-05,240.76,0.0,22.789999,17.08,27.76,1015.2,75.54,1.81,155.0,2.5375917
2014-08-12,240.72,9.0,13.16,10.78,16.029999,996.3,95.200005,0.97999996,126.0,1.715438
2014-08-19,240.72,10.400001,11.969999,10.309999,14.95,995.5,94.200005,1.02,89.0,1.1771947
2014-08-26,240.72,1.1,10.57,3.98,15.96,1006.9,83.135,1.63,86.0,1.0915761
2014-09-02,240.67,0.0,11.17,0.65,19.99,1016.8,78.845,1.03,97.0,1.2456083
2014-09-09,240.54,0.0,12.559999,5.14,18.699999,1011.10004,87.87,1.0699999,86.0,1.1469562
2014-09-16,240.44,0.0,6.62,-1.93,15.969999,1027.2001,80.520004,0.44,114.0,1.27769
2014-09-23,240.51,0.0,-1.43,-7.95,4.3399997,1016.0,80.47,1.52,67.0,0.5632494
2014-09-30,240.58,0.0,1.8299999,-1.68,8.349999,1024.8,76.21,0.93,66.0,0.6279633
2014-10-07,240.58,0.0,3.28,2.9099998,5.14,1032.4,81.175,1.09,27.0,0.2697609
2014-10-14,240.57,0.0,-3.82,-8.58,0.45,1017.3,92.189476,0.64,24.0,0.18175778
2014-10-21,240.67,0.0,-3.36,-4.46,-2.05,1016.9,83.060005,1.93,11.0,0.08505763
2014-10-28,240.78,2.3,0.61,-2.6299999,3.5,994.10004,92.42728,0.84,13.0,0.12019251
2014-11-04,240.83,0.0,-3.9099998,-6.5299997,3.11,996.0,85.57,1.43,5.0,0.0382437
2014-11-11,240.86,0.0,-0.16,-1.78,2.95,1006.9,93.55,1.2099999,5.0,0.04451202
2014-11-18,240.87,0.0,-10.96,-14.429999,-4.1,1026.0,91.66429,0.78999996,5.0,0.026316915
2014-11-25,240.85,1.8000001,-0.19,-0.06,0.39999998,1014.9,93.11516,1.2099999,2.0,0.017698605
2014-12-02,240.83,0.0,-2.37,-3.9099998,-1.8399999,1005.2,93.98572,1.3299999,1.0,0.008134039
2014-12-09,240.81,1.4,-15.839999,-18.24,-8.28,1003.8,88.33,0.22,1.0,0.004023831
2014-12-16,240.8,1.9,-2.03,-5.2999997,0.17999999,985.9,94.328575,0.64,1.0,0.008353991
2014-12-23,240.79,0.0,-14.87,-15.79,-10.23,996.5,87.105,0.65,1.0,0.004295228
2014-12-30,240.77,1.7,-6.37,-15.88,-0.45,1001.0,91.715385,0.88,1.0,0.006797511
2015-01-06,240.77,2.2,-9.809999,-20.609999,-3.28,1019.4,89.92667,1.05,1.4,0.007882591
2015-01-13,240.76,2.2,-21.34,-30.869999,-17.31,987.8,87.65,0.32,2.0,0.0056849867
2015-01-20,240.74,0.0,-27.75,-30.89,-19.96,1031.2001,79.015,0.58,6.0,0.0102218315
2015-01-27,240.72,1.6,-10.66,-14.24,-4.2,995.8,91.6875,0.71,11.0,0.06020656
2015-02-03,240.7,3.0,-13.15,-14.21,-12.63,1009.8,87.135,1.0699999,12.0,0.056477934
2015-02-10,240.67,0.0,2.99,-4.99,4.97,989.8,76.96,3.4099998,26.0,0.26316997
2015-02-17,240.65,0.0,-3.6399999,-5.67,-2.37,1007.3,77.435,2.51,18.0,0.13831985
2015-02-24,240.66,2.6000001,-0.89,-2.73,0.21,993.2,92.600006,2.97,27.0,0.2353609
2015-03-03,240.65,0.0,0.02,-0.61,0.16,999.10004,94.03334,1.93,34.0,0.3062784
2015-03-10,240.63,3.6000001,-3.05,-7.31,-0.17,1000.9,92.66843,1.1999999,42.0,0.33264184
2015-03-17,240.62,0.0,2.03,-2.71,6.69,1038.4,69.485,1.5799999,112.0,1.0655079
2015-03-24,240.63,0.0,-5.93,-7.1499996,-2.04,1006.0,62.485,2.77,87.0,0.60194695
2015-03-31,240.66,8.6,-1.35,-1.7099999,0.13,979.60004,95.200005,1.0799999,67.0,0.57804906
2015-04-07,240.77,0.0,5.44,2.35,8.79,999.7,62.715,2.55,130.0,1.4225057
2015-04-14,240.88,0.90000004,0.26999998,-0.81,2.24,1002.8,93.192314,1.61,108.0,0.980331
2015-04-21,241.05,0.0,6.3199997,0.07,12.12,1016.2,62.895,1.41,172.0,1.9199464
2015-04-28,241.23,0.0,-0.21,-5.0499997,3.6999998,1006.60004,77.22,1.05,179.0,1.5906433
2015-05-05,241.35,2.1000001,2.4199998,-3.1,7.35,1014.3,67.8,1.8499999,171.0,1.6727248
2015-05-12,241.44,3.9,5.15,3.29,8.389999,999.9,91.565,0.7,159.0,1.7232269
2015-05-19,241.48,7.0,2.18,0.96999997,9.11,1006.3,92.350006,1.25,148.0,1.441512
2015-05-26,241.49,2.5,7.0,0.02,12.009999,1009.8,78.3,0.82,181.0,2.0703654
2015-06-02,241.43,0.0,9.26,6.0899997,14.44,997.7,63.835,3.1999998,251.0,3.0861716
2015-06-09,241.37,0.0,7.47,0.93,12.259999,1017.5,52.905003,2.36,153.0,1.768831
2015-06-16,241.31,0.0,8.59,5.3599997,11.67,1001.9,60.460003,3.83,217.0,2.6126292
2015-06-23,241.33,15.900001,13.96,12.509999,18.35,1007.5,91.988235,0.93,183.0,2.5278103
2015-06-30,241.35,0.0,11.509999,7.87,16.119999,1016.4,55.29,1.09,256.0,3.3172426
2015-07-07,241.35,19.2,9.75,8.53,11.91,997.4,72.95667,1.15,89.0,1.1094569
2015-07-14,241.35,0.0,11.95,4.95,18.359999,1007.7,69.605,1.0,209.0,2.7489548
2015-07-21,241.35,0.0,11.01,10.54,12.7699995,1003.8,89.18,1.16,153.0,1.9674308
2015-07-28,241.35,0.0,15.32,11.82,20.119999,1003.2,77.545,1.15,202.0,2.8823242
2015-08-04,241.33,0.0,13.12,7.94,17.6,1018.4,74.19,0.79999995,187.0,2.5210183
2015-08-11,241.3,7.2000003,13.88,9.429999,18.91,1016.10004,85.79,1.93,140.0,1.9237603
2015-08-18,241.27,0.0,15.559999,5.81,24.439999,1024.8,65.71,0.71999997,231.0,3.2872555
2015-08-25,241.25,0.0,15.349999,8.58,22.43,1015.2,77.380005,0.82,127.0,1.8052872
2015-09-01,241.52,0.0,8.5,3.34,14.9,1016.7,74.29,1.09,148.0,1.7650108
2015-09-08,241.31,0.0,7.1,2.6,12.73,1019.3,73.015,1.37,121.0,1.3819189
2015-09-15,241.09,0.0,11.36,8.92,15.67,1016.9,88.8,1.26,79.0,1.0194799
2015-09-22,241.2,6.6,8.37,6.02,9.79,1007.3,94.700005,1.01,34.0,0.40571758
2015-09-29,241.31,0.0,7.16,1.1,10.63,1023.7,82.235,2.33,56.0,0.6393861
2015-10-06,241.29,0.0,-3.1999998,-8.03,4.0699997,1031.5,84.61,0.72999996,82.0,0.63264734
2015-10-13,241.25,0.0,1.25,-2.3799999,8.46,1020.60004,88.600006,0.52,54.0,0.50384134
2015-10-20,241.21,0.0,-2.5,-5.91,0.78,1013.9,93.33572,0.64,28.0,0.22524074
2015-10-27,241.18,0.0,-4.33,-7.0699997,-0.56,1021.3,83.21,1.11,18.0,0.13285136
2015-11-03,241.18,0.0,4.06,0.03,7.6699996,1004.3,76.310005,1.28,24.0,0.25017458
2015-11-10,241.22,1.9,0.19,-1.25,1.74,990.8,93.700005,0.29,3.0,0.027341409
2015-11-17,241.24,8.900001,-1.0699999,-4.66,-0.25,994.7,92.61528,2.12,2.3333333,0.020172548
2015-11-24,241.22,0.0,-8.99,-19.59,-4.2799997,997.9,91.34286,0.48,2.0,0.011945794
2015-12-01,241.21,2.2,-2.09,-4.46,-1.02,988.3,93.450005,1.28,1.0,0.008320197
2015-12-08,241.17,1.3000001,-4.91,-8.059999,-0.32,1015.60004,88.84211,0.95,1.0,0.007212871
2015-12-15,241.14,1.8000001,-13.59,-19.98,-7.3199997,1012.5,84.17,0.37,1.0,0.0045772404
2015-12-22,241.11,0.0,-3.75,-6.45,-1.28,987.9,93.037506,0.37,1.0,0.007744945
2015-12-29,241.08,0.0,-9.5,-21.06,-5.2799997,1036.1,88.920006,1.11,1.0,0.005655402
